날짜,가격,총반입량,평균기온,강수량,환율,경유가격
2020-12-31,2921,100,-4.4,0.15,1086.420044,1220
2021-01-01,2921,100,-1.3,0,1084.650024,1224
2021-01-02,2921,100,-0.7,0,1084.650024,1226
2021-01-03,2921,100,-1.3,0,1084.650024,1227
2021-01-04,2936,297,0.45,0,1084.72998,1229
2021-01-05,2953,368,-0.65,0,1086.619995,1231
2021-01-06,2968,413,-3.4,0.1,1086.449951,1232
2021-01-07,2976,156,-9.2,0.4,1086.949951,1234
2021-01-08,2982,97,-11.25,0.2,1093.069946,1235
2021-01-09,2982,6,-8.1,0.05,1093.069946,1236
2021-01-10,2982,6,-4.7,0,1093.069946,1237
2021-01-11,3019,126,-2.6,0,1092.819946,1238
2021-01-12,3019,281,-1,0,1096.449951,1239
2021-01-13,3000,102,4.25,0,1093.540039,1240
2021-01-14,2999,303,4.55,0,1097.109985,1242
2021-01-15,2999,240,7.6,0,1094.900024,1244
2021-01-16,2999,234,1.05,0,1094.900024,1245
2021-01-17,2999,234,-2.35,0,1094.900024,1245
2021-01-18,3007,356,0,0.5,1102.959961,1246
2021-01-19,3007,250,-3.1,0,1103.099976,1247
2021-01-20,3025,307,4.55,0,1100.98999,1248
2021-01-21,3025,263,9.45,1.85,1096.25,1249
2021-01-22,3054,332,8.2,2,1099.900024,1249
2021-01-23,3054,146,5.95,11.35,1099.900024,1250
2021-01-24,3054,146,6.2,0.6,1099.900024,1250
2021-01-25,3065,219,6,0,1104.640015,1250
2021-01-26,3065,378,6.35,4.55,1101.72998,1250
2021-01-27,3057,226,4.05,0,1101,1251
2021-01-28,3134,440,0.2,0.6,1107.5,1251
2021-01-29,3246,430,-4,0.1,1112.290039,1251
2021-01-30,3246,131,1.2,0,1112.290039,1251
2021-01-31,3246,131,5.45,1.55,1112.290039,1251
2021-02-01,3300,412,8.55,8.2,1117.430054,1252
2021-02-02,3340,370,-1.15,0,1116.880005,1252
2021-02-03,3401,360,-0.6,0,1113.609985,1252
2021-02-04,3399,346,1.2,0.6,1113.150024,1252
2021-02-05,3518,293,3.1,0,1119.130005,1253
2021-02-06,3518,217,7.15,0,1119.130005,1253
2021-02-07,3518,217,6.1,0,1119.130005,1253
2021-02-08,3610,420,0.2,0,1116.849976,1254
2021-02-09,3637,256,1.45,0,1116.329956,1255
2021-02-10,3668,309,3.55,0,1110,1257
2021-02-11,3668,20,6.3,0,1103.97998,1258
2021-02-12,3668,20,8.35,0,1102.219971,1259
2021-02-13,3668,20,7.6,0,1102.219971,1259
2021-02-14,3668,20,9.2,0,1102.219971,1259
2021-02-15,3704,226,4.2,0.1,1103.369995,1261
2021-02-16,3704,219,-0.45,0.6,1102.23999,1263
2021-02-17,3704,208,-4.9,0.8,1106.459961,1264
2021-02-18,3756,121,-2.4,0,1104.550049,1266
2021-02-19,3826,161,5.3,0,1106.219971,1268
2021-02-20,3826,208,11.8,0,1106.219971,1269
2021-02-21,3826,208,12.3,0,1106.219971,1270
2021-02-22,4172,447,7.95,0,1103.939941,1271
2021-02-23,4331,290,2.8,0,1110.670044,1273
2021-02-24,4449,375,3.2,0,1109.310059,1274
2021-02-25,4496,327,6,5.2,1107.209961,1276
2021-02-26,4461,268,7.6,1.05,1119.130005,1277
2021-02-27,4461,203,6.6,2.55,1119.130005,1279
2021-02-28,4461,203,8.8,0,1119.130005,1279
2021-03-01,4461,331,7.85,57.15,1123.369995,1281
2021-03-02,4533,356,2,4.45,1101.829956,1283
2021-03-03,4554,172,4.25,0,1124.329956,1284
2021-03-04,4562,230,7.9,6.2,1129.5,1285
2021-03-05,4448,226,10.25,0.05,1133.349976,1287
2021-03-06,4448,78,5,2.4,1133.349976,1290
2021-03-07,4448,78,5.7,0.15,1133.349976,1292
2021-03-08,4534,519,5.95,0,1127.48999,1295
2021-03-09,4553,304,8.15,0,1140.22998,1298
2021-03-10,4566,259,8.55,0,1134.910034,1301
2021-03-11,4641,321,11.8,3.3,1136.01001,1304
2021-03-12,4683,336,8.75,14.8,1129.640015,1306
2021-03-13,4683,45,7.4,0,1129.640015,1309
2021-03-14,4683,45,8.7,0,1129.640015,1311
2021-03-15,4753,390,12.15,0.15,1134.5,1313
2021-03-16,4772,299,10.65,3.8,1131.390015,1317
2021-03-17,4787,306,8.1,0,1129.839966,1319
2021-03-18,4822,287,8.9,0,1121.130005,1322
2021-03-19,4873,148,10.75,0,1126.109985,1324
2021-03-20,4873,72,8.9,11.2,1126.109985,1325
2021-03-21,4873,72,7.5,0,1126.109985,1326
2021-03-22,4876,436,7.55,0,1127.47998,1327
2021-03-23,4859,339,10.2,0,1125.119995,1329
2021-03-24,4881,277,12,0,1133.199951,1330
2021-03-25,4833,331,13.3,0,1134.47998,1330
2021-03-26,4861,245,13.4,0,1134.209961,1331
2021-03-27,4861,129,12.6,20.5,1134.209961,1331
2021-03-28,4861,129,12.55,0.45,1127.959961,1331
2021-03-29,4879,424,13.5,0,1131.650024,1331
2021-03-30,4888,321,11.7,0,1132.319946,1332
2021-03-31,5033,247,12.8,0,1127.199951,1332
2021-04-01,5081,292,13.55,0,1128.060059,1333
2021-04-02,5130,280,14.95,0,1128.060059,1333
2021-04-03,5130,134,12.95,24.35,1128.060059,1333
2021-04-04,5130,134,8.85,16.05,1128.790039,1333
2021-04-05,5164,450,9.3,0,1124.109985,1333
2021-04-06,5175,333,13.05,0,1117.5,1333
2021-04-07,5189,334,13.65,0,1117.859985,1333
2021-04-08,5206,231,11.5,0.15,1115.839966,1333
2021-04-09,5206,271,10.75,0.25,1115.839966,1333
2021-04-10,5206,184,11.25,0,1115.839966,1333
2021-04-11,5206,184,14,0,1122.060059,1333
2021-04-12,5227,515,14.35,13.25,1124.449951,1333
2021-04-13,5232,231,12,1.65,1120.689941,1333
2021-04-14,5222,441,10.3,0,1116.109985,1333
2021-04-15,5222,374,11.15,0,1115.670044,1332
2021-04-16,5196,303,13.85,0,1115.670044,1332
2021-04-17,5196,91,11.45,0,1115.670044,1332
2021-04-18,5196,91,11.4,0,1115.650024,1332
2021-04-19,5258,399,14.35,0,1114.469971,1332
2021-04-20,5309,374,15.25,0,1116.109985,1332
2021-04-21,5287,290,16.3,0,1115.660034,1332
2021-04-22,5277,215,17.2,0,1118.589966,1332
2021-04-23,5277,284,16.4,0,1118.589966,1332
2021-04-24,5277,198,15.5,0,1118.589966,1332
2021-04-25,5277,198,13.65,0,1114.130005,1331
2021-04-26,5289,377,14,0,1109.22998,1332
2021-04-27,5181,330,16.85,0,1112.150024,1332
2021-04-28,5172,344,17.65,0,1108.660034,1331
2021-04-29,5113,420,14.7,3.15,1106.630005,1331
2021-04-30,5227,331,12.85,16.95,1106.630005,1331
2021-05-01,5227,217,10.7,19.95,1106.630005,1331
2021-05-02,5227,217,12.6,6.5,1116.76001,1332
2021-05-03,5258,400,15.95,0,1120.400024,1332
2021-05-04,5243,414,18.4,15.85,1124.910034,1332
2021-05-05,5243,382,15.6,1.85,1123.98999,1332
2021-05-06,5234,329,17.1,0,1119.390015,1332
2021-05-07,5255,292,17.1,0.45,1119.390015,1332
2021-05-08,5255,214,16.65,0,1119.390015,1332
2021-05-09,5255,214,17.4,0,1111.969971,1332
2021-05-10,3826,528,17.2,0,1115.540039,1333
2021-05-11,3759,501,16.9,0,1118.22998,1334
2021-05-12,3393,439,17.9,0,1131.599976,1335
2021-05-13,3371,353,17.9,0,1125.699951,1336
2021-05-14,3311,418,19.45,0,1125.699951,1337
2021-05-15,3311,210,19.2,10.8,1125.699951,1337
2021-05-16,3311,210,17,51.7,1125.530029,1337
2021-05-17,3314,312,13.85,5.25,1135.51001,1338
2021-05-18,3314,425,16.85,0,1127.140015,1339
2021-05-19,3314,283,21.7,0,1130.369995,1340
2021-05-20,3233,298,17.3,9.15,1127.050049,1341
2021-05-21,3211,256,15.85,7.85,1127.050049,1342
2021-05-22,3211,335,20.7,0,1127.050049,1342
2021-05-23,3211,335,22.65,0,1126.790039,1342
2021-05-24,3178,472,20.25,0,1122.189941,1343
2021-05-25,3170,396,16.45,0.15,1121.380005,1344
2021-05-26,3185,339,18.95,0,1115.52002,1345
2021-05-27,3282,293,17.05,0.65,1117.300049,1346
2021-05-28,3224,306,16.75,8.1,1117.300049,1347
2021-05-29,3224,304,17.45,1.3,1117.300049,1347
2021-05-30,3224,304,19.65,0,1112.849976,1348
2021-05-31,3230,370,19.45,3.65,1106.97998,1349
2021-06-01,3245,468,20.9,0.05,1107.209961,1351
2021-06-02,3241,339,21.65,0,1109.880005,1352
2021-06-03,3261,333,19.65,14,1115.439941,1353
2021-06-04,3256,238,20.15,1,1115.439941,1355
2021-06-05,3256,372,21.8,0,1115.439941,1357
2021-06-06,3256,372,23.55,0,1109.680054,1357
2021-06-07,3243,359,23.55,0,1109.319946,1359
2021-06-08,3235,340,23.1,0,1116.890015,1361
2021-06-09,3258,401,23.3,0,1116.410034,1363
2021-06-10,3300,230,21.25,15.9,1111.26001,1364
2021-06-11,3303,372,24.15,16.25,1111.26001,1366
2021-06-12,3303,125,24.2,0,1111.26001,1368
2021-06-13,3303,125,22.35,0,1115.550049,1369
2021-06-14,3266,606,22.05,0,1116.319946,1371
2021-06-15,3245,406,21.1,8.15,1116.030029,1373
2021-06-16,3191,554,21.55,7.1,1131.949951,1375
2021-06-17,3182,387,20.55,0,1133.540039,1377
2021-06-18,3182,346,22.7,0.4,1133.540039,1378
2021-06-19,3182,265,22.45,0,1133.540039,1380
2021-06-20,3182,265,23.15,0,1134.25,1380
2021-06-21,3214,454,21.55,0,1130.339966,1382
2021-06-22,3196,426,20.6,0.1,1132.51001,1384
2021-06-23,3196,441,20.65,0,1132.609985,1386
2021-06-24,3187,479,22,0,1130.800049,1388
2021-06-25,3125,424,23.4,0,1130.800049,1390
2021-06-26,3125,315,22.8,1.05,1130.800049,1392
2021-06-27,3125,315,23.4,0,1125.339966,1393
2021-06-28,3106,495,22.7,15.8,1129.040039,1395
2021-06-29,3124,512,22.65,0,1130.51001,1398
2021-06-30,3124,505,22.95,0.15,1129.599976,1399
2021-07-01,3144,518,24.4,0,1132.410034,1403
2021-07-02,3199,621,23.85,0,1132.410034,1405
2021-07-03,3199,514,22.85,40.4,1132.410034,1406
2021-07-04,3199,514,22.35,23.15,1129.77002,1407
2021-07-05,3328,353,23.2,70.85,1129.439941,1409
2021-07-06,3337,734,25.05,148.65,1135.47998,1411
2021-07-07,3305,581,25.45,2.9,1140.52002,1414
2021-07-08,3417,490,25.35,0.8,1146.280029,1416
2021-07-09,3452,478,25.35,1.2,1146.280029,1418
2021-07-10,3452,348,24.75,10.3,1146.280029,1420
2021-07-11,3452,348,27.25,0,1144.310059,1420
2021-07-12,3409,427,28.4,0,1141.099976,1422
2021-07-13,3443,497,27.55,0,1148.699951,1424
2021-07-14,3421,599,27.15,0,1143.410034,1426
2021-07-15,3410,349,27.7,0,1140.119995,1427
2021-07-16,3408,335,26.85,2,1140.119995,1429
2021-07-17,3408,182,25.6,12.95,1140.119995,1430
2021-07-18,3408,182,26.55,1.45,1141.5,1431
2021-07-19,3392,460,27.35,4.4,1150.069946,1432
2021-07-20,3410,349,27.65,0.15,1147.47998,1433
2021-07-21,3477,439,27.75,0,1148.689941,1434
2021-07-22,3453,361,27.65,0,1149.910034,1434
2021-07-23,3393,403,27.9,0,1149.910034,1435
2021-07-24,3393,281,28,0,1149.910034,1435
2021-07-25,3393,281,27.55,0,1151.119995,1435
2021-07-26,3420,339,27.8,0,1151.76001,1436
2021-07-27,3458,317,27.8,0,1153.560059,1436
2021-07-28,3387,299,27.6,0,1149.410034,1437
2021-07-29,3423,274,27.75,0,1142.119995,1437
2021-07-30,3502,284,28.35,1.9,1142.119995,1438
2021-07-31,3502,226,29.9,0.35,1142.119995,1438
2021-08-01,3502,226,28.85,0.25,1150.930054,1439
2021-08-02,3568,401,28.55,10.65,1149.560059,1439
2021-08-03,3772,265,28,14.5,1148.579956,1440
2021-08-04,3825,407,29.6,0,1144.060059,1440
2021-08-05,4271,314,30.15,0,1143.119995,1441
2021-08-06,4297,398,28.65,0.35,1143.119995,1441
2021-08-07,4297,398,27.65,0,1143.119995,1441
2021-08-08,4297,398,25.35,67.95,1144.920044,1441
2021-08-09,4361,475,25.8,17.9,1145.890015,1442
2021-08-10,4387,381,25.35,2.6,1152.47998,1442
2021-08-11,4501,503,25.9,0,1152.849976,1442
2021-08-12,4536,461,25.6,0,1162.060059,1442
2021-08-13,4429,348,25.3,0,1162.060059,1442
2021-08-14,4429,314,23.1,27,1162.060059,1441
2021-08-15,4429,314,23.9,1.05,1161.380005,1441
2021-08-16,4429,464,24.55,0,1164.5,1442
2021-08-17,4400,541,23.65,16.6,1176.449951,1441
2021-08-18,4416,321,22.75,62.2,1169.680054,1441
2021-08-19,4478,408,23.1,4.95,1175.390015,1441
2021-08-20,4481,565,24.85,0,1175.390015,1440
2021-08-21,4481,448,24.75,15.35,1175.390015,1439
2021-08-22,4481,448,26.15,0,1174.23999,1439
2021-08-23,4519,552,25.25,7.1,1167.609985,1439
2021-08-24,4478,533,24.85,15.75,1163.469971,1439
2021-08-25,4617,195,24.2,12.35,1163.329956,1439
2021-08-26,4646,522,25.35,0,1170,1438
2021-08-27,4585,551,24.9,5.85,1170,1438
2021-08-28,4585,575,25.15,1.35,1170,1438
2021-08-29,4585,575,25.65,7.2,1161.329956,1438
2021-08-30,4629,638,25.2,0,1165.51001,1438
2021-08-31,5062,700,23.6,14.25,1158.410034,1438
2021-09-01,5225,412,22.45,46.55,1155.280029,1437
2021-09-02,5442,288,21.85,1.25,1157.130005,1437
2021-09-03,5447,657,22.15,0.25,1157.130005,1437
2021-09-04,5447,656,22,0.1,1157.130005,1436
2021-09-05,5447,656,22,1,1154.75,1436
2021-09-06,5386,674,22.3,0.05,1155.540039,1436
2021-09-07,5437,714,21.65,5.6,1161,1436
2021-09-08,5000,451,21.5,1.5,1166.48999,1436
2021-09-09,5088,663,22.85,0.05,1169.130005,1436
2021-09-10,5149,723,22.7,3.1,1169.130005,1436
2021-09-11,5149,810,24.15,0,1169.130005,1436
2021-09-12,5149,810,23.15,0,1169.380005,1436
2021-09-13,5177,899,22.95,0.3,1171.109985,1436
2021-09-14,5463,843,22.05,1.65,1170.800049,1436
2021-09-15,5475,756,22.25,0.05,1165.219971,1436
2021-09-16,5549,760,21.05,5.05,1174.420044,1436
2021-09-17,5527,748,21.2,2.8,1174.420044,1436
2021-09-18,5527,336,21.4,0.6,1174.420044,1436
2021-09-19,5527,336,21.1,0,1181.109985,1436
2021-09-20,5527,336,22.3,0,1186.319946,1436
2021-09-21,5527,336,22.15,11.8,1182.920044,1436
2021-09-22,5527,336,23.65,0,1181.030029,1436
2021-09-23,5811,336,21.45,0,1174.699951,1437
2021-09-24,5793,836,18.95,1.05,1174.699951,1437
2021-09-25,5793,695,20.55,2.25,1174.699951,1437
2021-09-26,5793,695,20.75,0,1179.199951,1437
2021-09-27,5636,675,20.8,0.05,1176.959961,1438
2021-09-28,5387,664,21.2,0.1,1186.890015,1439
2021-09-29,5304,481,21.35,21.05,1187.430054,1439
2021-09-30,5236,254,21.25,3.7,1183.719971,1440
2021-10-01,5245,489,20.55,0,1183.719971,1443
2021-10-02,5245,570,21,0.55,1183.719971,1444
2021-10-03,5245,570,23.25,0,1180,1445
2021-10-04,5245,823,24.6,0,1183.780029,1446
2021-10-05,5174,555,21.45,0.7,1187.170044,1448
2021-10-06,4964,646,19.45,24.4,1191.380005,1452
2021-10-07,4784,628,19.7,0.9,1191.150024,1456
2021-10-08,4752,717,20.05,2.8,1191.150024,1462
2021-10-09,4752,410,21.55,2.35,1191.150024,1468
2021-10-10,4752,410,23.5,6.1,1195.579956,1472
2021-10-11,4752,641,16,5.75,1195.800049,1476
2021-10-12,4530,619,17.55,0,1196.890015,1481
2021-10-13,4359,498,18.95,0,1186.709961,1490
2021-10-14,4192,705,20.45,0,1182.130005,1498
2021-10-15,4138,507,18.4,18.9,1182.130005,1506
2021-10-16,4138,431,13.65,6.45,1182.130005,1514
2021-10-17,4138,431,7.4,0,1181.790039,1518
2021-10-18,4068,455,10.05,0,1185.680054,1523
2021-10-19,3989,570,11.3,3.6,1175.650024,1530
2021-10-20,3989,664,10.05,0.5,1174.589966,1537
2021-10-21,3900,661,11.05,0,1176.550049,1542
2021-10-22,3874,526,10.4,4.65,1176.550049,1547
2021-10-23,3874,459,11.35,0,1176.550049,1551
2021-10-24,3874,459,12,0,1176.540039,1553
2021-10-25,3881,708,12.35,0,1167.060059,1556
2021-10-26,3843,750,13.2,0,1167.329956,1560
2021-10-27,3869,603,14.4,0,1172.170044,1564
2021-10-28,3901,683,13.35,0,1167.369995,1568
2021-10-29,3879,661,12.7,0,1167.369995,1572
2021-10-30,3879,648,13.15,0.7,1167.369995,1576
2021-10-31,3879,648,13.5,0,1167.369995,1578
2021-11-01,3929,696,14.15,0,1174.380005,1582
2021-11-02,3950,723,11.55,2.6,1176.569946,1585
2021-11-03,3959,584,12.2,0.3,1178.040039,1588
2021-11-04,3946,789,13.25,0,1179.339966,1591
2021-11-05,4062,679,13.4,0,1185.829956,1594
2021-11-06,4062,1020,14.7,0,1185.829956,1597
2021-11-07,4062,1020,15,0,1185.829956,1598
2021-11-08,4256,1254,11.4,18.1,1180.5,1600
2021-11-09,4588,822,8.05,0.4,1199.859985,1602
2021-11-10,5030,858,8.05,1.4,1177.5,1604
2021-11-11,4515,927,8.05,3.1,1184.140015,1605
2021-11-12,4562,1391,7,1.9,1183.109985,1575
2021-11-13,4562,1177,9,0,1183.109985,1562
2021-11-14,4562,1177,10.7,0,1183.109985,1555
2021-11-15,4697,1579,9.95,0,1179.109985,1542
2021-11-16,4687,1167,9.55,0,1183.51001,1531
2021-11-17,4650,1269,8.7,0,1184.050049,1526
2021-11-18,4425,1163,10.75,0,1181.22998,1521
2021-11-19,4534,1477,11.8,0,1182.900024,1518
2021-11-20,4534,1293,11.15,0.1,1182.900024,1516
2021-11-21,4534,1293,11.4,0.1,1182.900024,1515
2021-11-22,4473,1172,6.8,0.75,1191.630005,1513
2021-11-23,4444,875,4.1,2.55,1189.5,1511
2021-11-24,4429,579,6.85,0,1189.949951,1510
2021-11-25,4596,1120,7.95,0,1187.880005,1509
2021-11-26,4540,1136,5.6,0,1190.219971,1508
2021-11-27,4540,991,4.6,0,1190.219971,1506
2021-11-28,4540,991,7.15,0,1190.219971,1505
2021-11-29,4395,828,10.35,0,1194.609985,1504
2021-11-30,4330,775,9.7,14.2,1190.73999,1503
2021-12-01,4324,537,2.65,0,1182.859985,1501
2021-12-02,4542,394,3.7,0.05,1177.109985,1499
2021-12-03,4542,682,5.65,0,1176.77002,1497
2021-12-04,4542,673,4.9,0,1176.77002,1495
2021-12-05,4542,673,4.25,0,1176.77002,1494
2021-12-06,4516,564,6.95,0,1183.140015,1493
2021-12-07,4473,422,6.1,5.7,1180.560059,1489
2021-12-08,4441,353,5.25,0,1176.839966,1486
2021-12-09,4341,510,7.3,0,1172.560059,1483
2021-12-10,4246,514,10.4,0.1,1177.329956,1480
2021-12-11,4246,409,8.1,0,1177.329956,1478
2021-12-12,4246,409,6.45,0,1177.329956,1477
2021-12-13,4172,261,2,0,1178.969971,1475
2021-12-14,4172,338,3.2,0,1185.099976,1472
2021-12-15,4152,339,7.1,0,1184.22998,1469
2021-12-16,4200,329,8,0.9,1184.400024,1466
2021-12-17,4138,257,0.35,0.5,1186.150024,1463
2021-12-18,4138,131,-1.65,0.05,1186.150024,1461
2021-12-19,4138,131,2.75,0,1186.150024,1460
2021-12-20,4139,324,5.95,0,1186.390015,1458
2021-12-21,4103,362,7.45,0,1190.119995,1455
2021-12-22,4034,363,3.3,0.25,1191.27002,1453
2021-12-23,4060,245,2.95,0,1187.77002,1451
2021-12-24,4059,212,2.7,7.2,1185.5,1449
2021-12-25,4059,163,-3.85,9.9,1185.5,1447
2021-12-26,4059,163,-7.2,0.6,1185.5,1447
2021-12-27,4102,66,-3.55,0,1185.920044,1446
2021-12-28,4102,325,1.25,0,1185.650024,1445
2021-12-29,4102,274,4.05,0,1187.849976,1444
2021-12-30,4102,323,0.95,0,1183.670044,1444
2021-12-31,4143,257,-2.25,0,1189.890015,1443
2022-01-01,4143,257,-1.25,0,1189.890015,1442
2022-01-02,4143,257,1.35,0,1189.890015,1442
2022-01-03,4151,177,-0.3,0,1187.780029,1441
2022-01-04,4289,282,0.65,0,1194.680054,1440
2022-01-05,4302,412,0.7,0.95,1196.5,1440
2022-01-06,4387,372,1.3,0,1199.25,1439
2022-01-07,4387,247,-0.1,0,1205.780029,1439
2022-01-08,4387,131,1.6,0,1205.780029,1439
2022-01-09,4387,131,2.15,0,1205.780029,1439
2022-01-10,4326,332,2.2,0,1196.880005,1439
2022-01-11,4489,242,-0.9,0.65,1198.089966,1439
2022-01-12,4506,222,-2.7,0,1189.430054,1439
2022-01-13,4559,251,-2.75,0.85,1185.880005,1441
2022-01-14,4330,290,-1.35,0,1186.609985,1442
2022-01-15,4330,203,2,0,1186.609985,1444
2022-01-16,4330,203,2,0,1186.609985,1445
2022-01-17,4375,581,-0.7,0.05,1188.959961,1447
2022-01-18,4340,299,-2.2,0,1190.060059,1449
2022-01-19,4148,304,-1.35,1.4,1192.97998,1452
2022-01-20,4000,325,-2.25,1.3,1188.160034,1455
2022-01-21,3974,247,-0.5,0,1192.430054,1459
2022-01-22,3974,134,4.15,0,1192.430054,1462
2022-01-23,3974,134,4.35,0.4,1192.430054,1464
2022-01-24,4021,564,2.8,0.6,1191.5,1466
2022-01-25,3988,395,4.15,0,1195.660034,1469
2022-01-26,3980,516,4.15,0,1196.099976,1472
2022-01-27,3998,346,2.2,0,1200.630005,1475
2022-01-28,4012,347,1.25,0,1203.459961,1478
2022-01-29,4012,187,0.7,0,1203.459961,1481
2022-01-30,4012,32,0,0,1203.459961,1483
2022-01-31,4012,32,1,0,1207.709961,1484
2022-02-01,4012,32,1.65,0.15,1205.119995,1485
2022-02-02,4012,32,0.7,0,1202.5,1487
2022-02-03,3929,32,-0.25,0,1199.959961,1489
2022-02-04,3956,393,-1.1,0,1200.329956,1493
2022-02-05,3956,171,-2.95,0.55,1200.329956,1499
2022-02-06,3956,171,-0.55,0.05,1200.329956,1501
2022-02-07,3999,367,-0.25,0,1197.089966,1505
2022-02-08,4031,215,1.5,0,1196.849976,1511
2022-02-09,4031,208,2,0,1196.359985,1516
2022-02-10,4070,363,3.15,0,1194.030029,1521
2022-02-11,4070,298,3.55,0,1199.349976,1524
2022-02-12,4070,175,5.05,0,1199.349976,1528
2022-02-13,4070,175,4.9,0,1199.349976,1531
2022-02-14,4084,317,4.65,0.25,1199.23999,1535
2022-02-15,4065,299,-0.6,0,1197.359985,1540
2022-02-16,4065,267,-3.75,0.7,1196.829956,1545
2022-02-17,4109,269,-4.35,0.1,1196.75,1549
2022-02-18,4121,242,1.35,0,1198.660034,1552
2022-02-19,4121,140,2.5,0.05,1198.660034,1555
2022-02-20,4121,140,-2.4,0.3,1198.660034,1557
2022-02-21,4168,464,-0.2,0,1195.069946,1560
2022-02-22,4168,194,-0.95,0,1194.680054,1563
2022-02-23,4168,374,-2.7,0.05,1192.680054,1568
2022-02-24,4205,272,-0.15,0,1192.400024,1572
2022-02-25,4212,234,3.15,0,1206,1577
2022-02-26,4212,261,5.9,0.35,1206,1581
2022-02-27,4212,261,5.25,0,1206,1582
2022-02-28,4154,389,6.8,0,1197.589966,1585
2022-03-01,4154,232,8.05,2.85,1200.930054,1590
2022-03-02,4144,185,5.05,0,1205.369995,1594
2022-03-03,4163,423,4.7,0,1203.150024,1602
2022-03-04,4150,318,10.15,0,1205.98999,1615
2022-03-05,4150,293,5.35,0,1205.98999,1634
2022-03-06,4150,293,2.95,0,1205.98999,1646
2022-03-07,4274,403,3.95,0,1216.709961,1665
2022-03-08,4274,324,5.25,0,1232.300049,1706
2022-03-09,4274,361,6.5,0,1233.109985,1750
2022-03-10,4334,201,10.4,0,1223.22998,1781
2022-03-11,4372,243,14.5,0,1228.599976,1818
2022-03-12,4372,258,14,0,1228.599976,1857
2022-03-13,4372,258,10.45,11.05,1228.599976,1872
2022-03-14,4341,319,9.6,1.4,1236.890015,1892
2022-03-15,4420,322,9.1,0,1242.050049,1912
2022-03-16,4430,292,11.45,0,1241.680054,1917
2022-03-17,4482,271,8.4,12.3,1223,1917
2022-03-18,4497,335,6.2,15.8,1210.329956,1917
2022-03-19,4497,228,3.35,21.85,1210.329956,1917
2022-03-20,4497,228,5,0,1210.329956,1917
2022-03-21,4521,285,6.15,0,1210.369995,1917
2022-03-22,4545,279,6.15,0,1219.780029,1917
2022-03-23,4450,385,6.2,0.2,1214.949951,1918
2022-03-24,4596,294,8.95,0,1218.01001,1918
2022-03-25,4589,277,13.5,17.2,1217.550049,1919
2022-03-26,4589,220,9.9,17.2,1217.550049,1919
2022-03-27,4589,220,10.3,0,1224.380005,1919
2022-03-28,4692,353,8.15,0,1223.660034,1920
2022-03-29,4691,309,11.8,0,1209.130005,1920
2022-03-30,4711,279,13.15,3.35,1210.439941,1919
2022-03-31,4790,290,7.4,5.1,1214.5,1918
2022-04-01,4858,308,6.75,0.3,1214.5,1916
2022-04-02,4858,205,7.45,0,1214.5,1915
2022-04-03,4858,205,8.9,0,1218.780029,1914
2022-04-04,4930,366,11.1,0,1213.900024,1913
2022-04-05,4957,360,11.7,0,1218.75,1911
2022-04-06,4931,477,10.75,0,1217.599976,1910
2022-04-07,4860,304,11.55,0,1222.660034,1909
2022-04-08,4860,381,13.4,0,1222.660034,1907
2022-04-09,4860,232,18.45,0,1222.660034,1906
2022-04-10,4860,232,20.35,0,1228.23999,1905
2022-04-11,4874,387,21.25,0,1235.050049,1904
2022-04-12,4904,428,18.95,0,1228.599976,1902
2022-04-13,4897,385,11.95,9.75,1223.119995,1900
2022-04-14,4910,386,11.65,1.75,1230.099976,1899
2022-04-15,4910,257,11.65,0,1230.099976,1899
2022-04-16,4910,208,12.45,0,1230.099976,1898
2022-04-17,4910,208,14.4,0,1228.089966,1898
2022-04-18,4934,455,14.9,0,1235.349976,1899
2022-04-19,4977,311,14.5,0,1239.599976,1899
2022-04-20,5038,352,16.55,0,1234.089966,1900
2022-04-21,5173,431,15.65,0.25,1242.48999,1900
2022-04-22,5173,370,18.2,0,1242.48999,1901
2022-04-23,5173,209,16.85,0.05,1242.48999,1902
2022-04-24,5173,209,21.1,0,1243.160034,1902
2022-04-25,5081,402,19.9,2.35,1249.209961,1906
2022-04-26,5072,397,18.3,11.75,1260.709961,1908
2022-04-27,5072,352,15.1,0,1266.280029,1909
2022-04-28,5077,444,13.75,0,1272.290039,1911
2022-04-29,5052,338,10.85,20.45,1272.290039,1915
2022-04-30,5052,228,12.8,0,1272.290039,1920
2022-05-01,5052,228,13.2,0,1262.530029,1908
2022-05-02,5254,400,11.7,0.45,1266.75,1904
2022-05-03,5273,410,14.15,0,1261.060059,1903
2022-05-04,5294,432,18.2,0,1251.5,1906
2022-05-05,5294,301,19.8,0,1268.699951,1910
2022-05-06,5299,319,20.55,0,1268.699951,1914
2022-05-07,5299,295,15.6,2.3,1268.699951,1920
2022-05-08,5299,295,13.95,0,1270.130005,1924
2022-05-09,5238,411,15.6,0,1274.859985,1931
2022-05-10,5327,442,15.2,0.05,1276.550049,1941
2022-05-11,5351,386,17.9,0,1278.150024,1947
2022-05-12,5309,322,17.8,0,1290.75,1953
2022-05-13,5347,324,14.65,0.25,1290.75,1959
2022-05-14,5347,227,15.55,0,1290.75,1964
2022-05-15,5347,227,15.25,0,1277.569946,1966
2022-05-16,5481,548,17.1,0,1279.849976,1970
2022-05-17,4097,449,18.5,0,1266.660034,1976
2022-05-18,4110,361,20.9,0,1275.579956,1981
2022-05-19,3983,392,20.25,0,1263.550049,1986
2022-05-20,3970,448,21.6,0,1263.550049,1990
2022-05-21,3970,373,22.1,0,1263.550049,1994
2022-05-22,3970,373,20.15,0,1273.209961,1995
2022-05-23,3949,535,23.6,0,1258.819946,1998
2022-05-24,3985,396,28,0,1260.98999,2000
2022-05-25,4000,340,26.4,0,1266.599976,2002
2022-05-26,4002,379,22.1,0.05,1258.890015,2003
2022-05-27,4005,316,20.6,0,1258.890015,2005
2022-05-28,4005,277,23.6,0,1258.890015,2005
2022-05-29,4005,277,22.75,0.25,1251.589966,2006
2022-05-30,4033,427,19.2,0.2,1236.170044,2007
2022-05-31,4020,311,21.4,0,1241.73999,2008
2022-06-01,4020,417,22.1,0,1246.949951,2009
2022-06-02,4054,321,22.95,0,1240.839966,2011
2022-06-03,4034,326,21.1,0,1240.839966,2013
2022-06-04,4034,305,21.2,0,1240.839966,2018
2022-06-05,4034,305,19.55,12.15,1250.530029,2021
2022-06-06,4034,478,18.2,32.35,1254.47998,2023
2022-06-07,4006,242,17.3,0.85,1254.579956,2027
2022-06-08,4019,471,18.45,0,1256.73999,2036
2022-06-09,4085,494,19,3.85,1264.02002,2044
2022-06-10,4192,442,20.9,0,1264.02002,2054
2022-06-11,4192,356,20.55,0,1264.02002,2063
2022-06-12,4192,356,20.3,0,1278.280029,2067
2022-06-13,4181,342,20.2,0.35,1291.800049,2074
2022-06-14,4185,394,18.7,3.25,1289.47998,2083
2022-06-15,4168,460,18.8,4.55,1278.160034,2090
2022-06-16,4171,312,21.95,0,1288.180054,2096
2022-06-17,4168,467,25.15,0,1288.180054,2104
2022-06-18,4168,406,25.65,0.15,1288.180054,2112
2022-06-19,4168,406,26.8,0,1290.5,2115
2022-06-20,4213,387,26.25,0,1292.380005,2120
2022-06-21,4213,493,25.45,0,1291.599976,2127
2022-06-22,4222,462,26.35,0,1297.680054,2133
2022-06-23,4071,429,25.15,11.05,1299.810059,2138
2022-06-24,4077,550,25.9,39.05,1299.810059,2143
2022-06-25,4077,274,27.95,0,1299.810059,2147
2022-06-26,4077,274,27.8,2,1288.290039,2149
2022-06-27,4090,654,27.8,5.2,1286.199951,2153
2022-06-28,4062,488,29.3,0,1292.030029,2158
2022-06-29,4103,475,28.8,0.6,1301.72998,2163
2022-06-30,4358,200,26.65,12.95,1287.709961,2167
2022-07-01,4404,273,28.5,0,1287.709961,2157
2022-07-02,4404,348,28.3,0,1287.709961,2155
2022-07-03,4404,348,28.95,0,1297.890015,2154
2022-07-04,4427,520,28.25,1,1295.680054,2153
2022-07-05,4510,388,27.55,0,1308.660034,2150
2022-07-06,4465,411,27.55,0.05,1304.849976,2148
2022-07-07,4430,404,29.05,0.1,1297.650024,2145
2022-07-08,4479,423,28.8,4.6,1297.650024,2140
2022-07-09,4479,259,27.55,0,1297.650024,2136
2022-07-10,4479,259,26.55,2.75,1293.790039,2134
2022-07-11,4585,562,25.6,18.4,1310.859985,2131
2022-07-12,4611,325,24.8,0.05,1305.829956,2124
2022-07-13,4721,465,24.55,13.5,1304.849976,2117
2022-07-14,5146,276,25.4,5.45,1316.180054,2108
2022-07-15,5245,434,25.4,11.1,1316.180054,2099
2022-07-16,5245,380,25.7,11.3,1316.180054,2092
2022-07-17,5245,380,25.35,0.75,1318.119995,2088
2022-07-18,5636,445,25.8,54.25,1318.910034,2082
2022-07-19,5942,423,26,0,1305.5,2072
2022-07-20,6430,404,27.35,1.5,1312.869995,2063
2022-07-21,6583,465,24.05,35.5,1306.849976,2055
2022-07-22,6461,237,23.9,7.4,1306.849976,2046
2022-07-23,6461,243,24.65,6.9,1306.849976,2036
2022-07-24,6461,243,25.3,10.6,1309.319946,2032
2022-07-25,7189,484,25.4,0,1310.400024,2024
2022-07-26,7651,409,25,0,1310.900024,2015
2022-07-27,7071,436,25.8,0.05,1305.949951,2006
2022-07-28,7462,345,26.7,0,1295.150024,1998
2022-07-29,6922,444,27.85,0,1295.150024,1991
2022-07-30,6922,407,27.35,1.55,1295.150024,1985
2022-07-31,6922,407,26.45,23.95,1302.280029,1982
2022-08-01,6709,464,27.3,5.45,1306.75,1976
2022-08-02,6668,449,28.35,4.7,1314.630005,1969
2022-08-03,6534,469,29.4,5.75,1307.380005,1963
2022-08-04,6756,414,29.6,1.9,1302.079956,1956
2022-08-05,6718,500,31.1,0,1302.079956,1950
2022-08-06,6718,500,30.85,0,1302.079956,1944
2022-08-07,6718,500,31.2,0,1302.73999,1941
2022-08-08,6634,704,29.2,10.8,1299.030029,1935
2022-08-09,6638,574,27.35,22.9,1307.560059,1928
2022-08-10,6729,280,26.3,30.95,1296.699951,1920
2022-08-11,6762,523,26.4,31.55,1306.829956,1911
2022-08-12,6865,449,27.35,18.85,1306.829956,1902
2022-08-13,6865,457,27.05,0.15,1306.829956,1895
2022-08-14,6865,457,28.2,0.75,1301.380005,1892
2022-08-15,6865,697,29.75,0.05,1313.180054,1887
2022-08-16,6838,580,27.8,18.4,1311,1880
2022-08-17,6618,454,25.1,0.6,1314.829956,1870
2022-08-18,6839,619,25.05,0,1326.910034,1863
2022-08-19,6503,504,27.35,0,1326.910034,1857
2022-08-20,6503,430,25.95,6.05,1326.910034,1852
2022-08-21,6503,430,25.8,0,1334.859985,1850
2022-08-22,6717,710,26.85,0,1343.359985,1846
2022-08-23,6536,539,25.8,0,1339.079956,1842
2022-08-24,6595,670,24.05,1.1,1340,1839
2022-08-25,6570,722,23.7,0.2,1334.439941,1838
2022-08-26,6645,664,24.6,0,1334.439941,1838
2022-08-27,6645,660,23.5,0,1334.439941,1838
2022-08-28,6645,660,21.3,0,1341.180054,1839
2022-08-29,6501,689,22.25,0.25,1345.72998,1840
2022-08-30,6702,955,22.65,29.5,1350.189941,1845
2022-08-31,7032,589,22.1,21.65,1342.26001,1847
2022-09-01,7398,621,22.5,0,1355.099976,1850
2022-09-02,7464,1060,22.45,1,1355.099976,1850
2022-09-03,7464,904,23.85,0,1355.099976,1850
2022-09-04,7464,904,23.9,3.4,1361.51001,1850
2022-09-05,7818,897,22.95,101.9,1361.810059,1851
2022-09-06,8393,783,22.25,59.05,1378.109985,1851
2022-09-07,8069,750,22.65,0,1374.310059,1852
2022-09-08,8769,818,22,0,1383,1853
2022-09-09,8769,183,21.85,0,1383,1854
2022-09-10,8769,183,21.8,0,1383,1855
2022-09-11,8769,183,23.1,0,1379.060059,1855
2022-09-12,8769,183,23.05,0.9,1375.810059,1856
2022-09-13,10955,478,23.45,6.6,1393.469971,1857
2022-09-14,10883,505,24.1,0.8,1391.180054,1858
2022-09-15,10204,535,24,0,1398.630005,1860
2022-09-16,9821,554,24.9,0,1398.630005,1860
2022-09-17,9821,413,26.15,0,1398.630005,1859
2022-09-18,9821,413,25.9,3.4,1385.22998,1859
2022-09-19,9429,472,22.25,14.1,1390.109985,1858
2022-09-20,9738,387,18.5,0,1392.51001,1855
2022-09-21,9699,695,17.9,0,1397.560059,1852
2022-09-22,9626,462,19.1,0,1403.660034,1849
2022-09-23,9544,544,19.9,0,1403.660034,1847
2022-09-24,9544,552,19.6,0,1403.660034,1844
2022-09-25,9544,552,18.85,0,1421.810059,1843
2022-09-26,9307,540,19.5,0.1,1429.77002,1841
2022-09-27,8987,639,19.7,0,1426.26001,1836
2022-09-28,8651,503,20,0,1421.949951,1832
2022-09-29,8303,524,20.75,0,1430.170044,1828
2022-09-30,8155,556,20.95,0,1430.170044,1826
2022-10-01,8155,427,22,0,1430.170044,1822
2022-10-02,8155,427,20.9,1.55,1439.22998,1820
2022-10-03,8155,352,23.2,0.15,1433.339966,1820
2022-10-04,8225,260,18.3,68.35,1416.530029,1817
2022-10-05,8193,532,14.9,20.5,1416.76001,1815
2022-10-06,7756,922,15.45,15.1,1408.449951,1814
2022-10-07,7254,580,14.55,20.2,1408.449951,1814
2022-10-08,7254,642,15.05,0,1408.449951,1818
2022-10-09,7254,642,15.4,3.55,1415.97998,1819
2022-10-10,7254,643,13.25,0.15,1428.349976,1821
2022-10-11,7411,443,14.4,0.05,1430.800049,1824
2022-10-12,6709,665,13.85,0,1423.900024,1828
2022-10-13,6246,594,15.65,0,1430.300049,1829
2022-10-14,6030,570,16.2,0,1430.300049,1831
2022-10-15,6030,338,17.3,0,1430.300049,1833
2022-10-16,6030,338,17.6,0,1440.76001,1834
2022-10-17,5898,769,14.8,0,1430.150024,1836
2022-10-18,5737,607,11.6,0,1425.02002,1840
2022-10-19,5654,550,11.1,0,1435.01001,1842
2022-10-20,5027,578,13.3,0,1430.310059,1845
2022-10-21,4978,617,16.9,0,1430.310059,1848
2022-10-22,4978,559,18.35,0,1430.310059,1851
2022-10-23,4978,559,13.7,14.8,1428.109985,1852
2022-10-24,4928,798,10.05,9.65,1443.959961,1855
2022-10-25,4863,546,9.3,0.95,1426.930054,1857
2022-10-26,4819,546,12.9,0,1412.689941,1860
2022-10-27,4573,501,14.4,0,1420.650024,1862
2022-10-28,4532,473,12.45,5.1,1420.650024,1864
2022-10-29,4532,538,13.25,0,1420.650024,1866
2022-10-30,4532,538,13.3,0,1420.650024,1867
2022-10-31,4525,645,14.2,0,1421.650024,1869
2022-11-01,4494,758,14.7,0,1424.670044,1872
2022-11-02,4514,699,12.55,0,1416.599976,1874
2022-11-03,4162,545,12.3,0,1423.099976,1875
2022-11-04,4125,664,9.25,0,1423.650024,1877
2022-11-05,4125,534,9.95,0,1423.650024,1879
2022-11-06,4125,534,9.6,0,1423.650024,1880
2022-11-07,3991,857,11.05,0,1402.109985,1882
2022-11-08,4107,945,11.8,0,1392.699951,1884
2022-11-09,4031,821,12.95,0,1374.150024,1886
2022-11-10,3235,854,15.1,0,1370.550049,1888
2022-11-11,3233,1052,16.5,1.5,1349.369995,1888
2022-11-12,3233,1040,19.2,0.15,1349.369995,1888
2022-11-13,3233,1040,12.8,19.7,1349.369995,1888
2022-11-14,3172,1064,11.45,0,1313.030029,1889
2022-11-15,3164,879,9.85,0,1324.079956,1889
2022-11-16,3155,954,9.9,0,1316.26001,1888
2022-11-17,3088,1011,10.2,0,1336.430054,1887
2022-11-18,3079,1075,10.95,0,1342.75,1885
2022-11-19,3079,1226,13.55,0,1342.75,1883
2022-11-20,3079,1226,12.75,0.3,1342.75,1882
2022-11-21,3037,1057,12.65,0,1339.030029,1881
2022-11-22,3013,695,12.15,3.8,1359.75,1878
2022-11-23,2981,912,11.5,10.55,1352.689941,1875
2022-11-24,2930,713,10.15,0,1336.810059,1872
2022-11-25,2923,1011,12.6,0,1317.890015,1870
2022-11-26,2923,1111,10.95,0,1317.890015,1867
2022-11-27,2923,1111,9.3,0,1317.890015,1866
2022-11-28,2937,1015,14.6,2.8,1334.560059,1864
2022-11-29,2890,637,11.35,7.7,1340.119995,1861
2022-11-30,2885,458,0.7,0,1325.369995,1859
2022-12-01,2870,407,-0.35,0,1279.800049,1857
2022-12-02,2870,349,1.2,0,1303.25,1855
2022-12-03,2870,522,6.85,0,1303.25,1854
2022-12-04,2870,522,3.15,0,1303.25,1853
2022-12-05,2819,729,1.55,0,1299.170044,1850
2022-12-06,2821,433,2.25,0,1304.369995,1847
2022-12-07,2830,344,5.05,0,1319.709961,1842
2022-12-08,2867,364,6,0,1314.099976,1835
2022-12-09,2836,402,5.5,0.15,1316.630005,1827
2022-12-10,2836,386,4.85,0.1,1316.630005,1818
2022-12-11,2836,386,4.95,0,1316.630005,1814
2022-12-12,2839,433,4.4,0,1303.170044,1807
2022-12-13,2860,377,5.1,0,1305.920044,1796
2022-12-14,2842,395,-2.7,0.9,1288.97998,1787
2022-12-15,2851,191,0.55,0,1295.680054,1779
2022-12-16,2828,170,0.95,0.1,1317.099976,1771
2022-12-17,2828,153,-1.85,1.05,1317.099976,1764
2022-12-18,2828,153,-4.6,2.45,1317.099976,1761
2022-12-19,2849,135,-2.6,0.05,1308.859985,1756
2022-12-20,2850,318,1.65,0,1301.329956,1751
2022-12-21,2878,281,4.75,1.55,1283.640015,1745
2022-12-22,2917,314,-2.3,4,1280.77002,1741
2022-12-23,2949,198,-5.4,3.8,1290.199951,1738
2022-12-24,2949,82,-1.75,0.1,1290.199951,1735
2022-12-25,2949,82,1.05,0,1290.199951,1733
2022-12-26,2955,189,0.95,0,1279.23999,1731
2022-12-27,2955,333,2.05,0,1275.130005,1728
2022-12-28,2955,298,1,0,1272.280029,1725
2022-12-29,2955,361,-0.1,0,1274.319946,1724
2022-12-30,3011,402,1.25,0,1260.26001,1722
2022-12-31,3011,161,1.15,0,1260.26001,1721
2023-01-01,3011,161,3.15,0,1260.26001,1720
2023-01-02,3088,161,1.35,0,1260.910034,1720
2023-01-03,3125,342,1.05,0,1270.099976,1719
2023-01-04,3138,272,1.3,0,1279.079956,1717
2023-01-05,3133,281,2.8,0,1271.079956,1713
2023-01-06,3128,304,4.45,0.7,1274.180054,1710
2023-01-07,3128,202,4.35,0.15,1274.180054,1704
2023-01-08,3128,202,3.6,0,1274.180054,1702
2023-01-09,3132,427,5.35,0,1252.880005,1698
2023-01-10,3047,196,4.5,0,1239.280029,1692
2023-01-11,3038,242,7.25,0,1240.160034,1685
2023-01-12,2924,294,10.65,0.3,1241.599976,1679
2023-01-13,2878,354,11.75,25.65,1239.130005,1674
2023-01-14,2878,122,6.35,21.7,1239.130005,1670
2023-01-15,2878,122,1.9,13.15,1239.130005,1668
2023-01-16,2902,382,0.2,0,1236.589966,1666
2023-01-17,2891,390,-0.4,0,1240.709961,1662
2023-01-18,2891,281,0.65,0,1237,1659
2023-01-19,2749,309,1.2,0,1237.880005,1656
2023-01-20,2750,198,1.25,0,1232.180054,1654
2023-01-21,2750,22,-0.85,0,1232.180054,1653
2023-01-22,2750,22,2.25,0,1232.180054,1653
2023-01-23,2750,22,3.1,0,1230.030029,1652
2023-01-24,2750,22,-7.05,2,1229.280029,1652
2023-01-25,2790,137,-7.4,0,1232.660034,1651
2023-01-26,2792,43,-1.35,0,1232.589966,1651
2023-01-27,2846,190,-2.65,0.3,1231.849976,1650
2023-01-28,2846,172,-2.3,0.2,1231.849976,1649
2023-01-29,2846,172,1.55,0,1231.849976,1649
2023-01-30,2894,212,1.3,0,1228.949951,1649
2023-01-31,2910,250,3.85,0,1231.5,1648
2023-02-01,2889,338,4.65,0,1232.150024,1646
2023-02-02,2910,330,0.6,0,1221.949951,1645
2023-02-03,2919,342,1.1,0,1224.900024,1643
2023-02-04,2919,256,1.75,0,1224.900024,1641
2023-02-05,2919,256,2.45,0,1224.900024,1639
2023-02-06,2921,268,4.5,0,1246.75,1638
2023-02-07,2913,206,3.75,0,1261.22998,1633
2023-02-08,2916,290,3.15,0,1255.349976,1628
2023-02-09,3037,293,3.95,5.05,1260.469971,1623
2023-02-10,3037,246,3.95,7.65,1264.550049,1620
2023-02-11,3037,135,4.4,0,1264.550049,1617
2023-02-12,3037,135,6.3,2.75,1264.550049,1615
2023-02-13,3045,417,4.95,7.9,1266.869995,1613
2023-02-14,3040,175,2.45,0.2,1272.939941,1608
2023-02-15,3043,188,1.95,7.5,1272.25,1605
2023-02-16,3112,373,3.8,0,1283.719971,1601
2023-02-17,3103,309,5.9,0.4,1288.959961,1598
2023-02-18,3103,188,8.9,0.25,1288.959961,1594
2023-02-19,3103,188,6.8,0.8,1288.959961,1592
2023-02-20,3105,303,2.7,0,1293.920044,1589
2023-02-21,3123,358,0.5,0,1296.109985,1584
2023-02-22,3111,234,4.2,1.6,1305.829956,1581
2023-02-23,3170,254,6.9,0.95,1302.829956,1577
2023-02-24,3179,279,6.1,0,1298.079956,1573
2023-02-25,3179,172,2.15,1.15,1298.079956,1569
2023-02-26,3179,172,4.05,0,1298.079956,1568
2023-02-27,3181,307,7.15,0,1313.699951,1566
2023-02-28,3178,309,8.95,0,1318.349976,1563
2023-03-01,3178,280,8.55,0,1321.599976,1558
2023-03-02,3198,208,4.4,0,1305.72998,1556
2023-03-03,3236,341,7.1,0,1311.060059,1552
2023-03-04,3236,236,7.25,0,1311.060059,1552
2023-03-05,3236,236,8.2,0,1311.060059,1551
2023-03-06,3350,346,11.15,0,1294.780029,1550
2023-03-07,3368,220,14.4,0,1299,1549
2023-03-08,3378,337,15.6,0,1317.900024,1549
2023-03-09,3482,432,12.15,0,1316.449951,1548
2023-03-10,3514,303,12.05,0,1325.550049,1548
2023-03-11,3514,108,12.3,0,1325.550049,1547
2023-03-12,3514,108,8.35,5.3,1325.550049,1547
2023-03-13,3524,303,5.1,0,1319.540039,1547
2023-03-14,3544,345,9.75,0,1296.380005,1546
2023-03-15,3544,307,13.95,0,1304.579956,1545
2023-03-16,3620,324,8.3,0,1311.73999,1544
2023-03-17,3649,267,7.9,0,1301.619995,1542
2023-03-18,3649,151,9.1,0,1301.619995,1539
2023-03-19,3649,151,10.6,0,1301.619995,1538
2023-03-20,3571,370,11.95,0,1307.650024,1537
2023-03-21,3534,252,15.4,0,1304.939941,1534
2023-03-22,3490,276,15.4,0.4,1303.439941,1531
2023-03-23,3541,325,12.25,11.75,1298.25,1528
2023-03-24,3549,357,8.6,2.45,1286.290039,1527
2023-03-25,3549,176,9.55,0.5,1286.290039,1525
2023-03-26,3549,176,8.5,0.1,1294.829956,1524
2023-03-27,3574,338,8.5,0,1297.800049,1523
2023-03-28,3574,299,9.95,0,1296.97998,1521
2023-03-29,3581,319,12.2,0,1307.130005,1520
2023-03-30,3556,347,15.95,0,1296.5,1519
2023-03-31,3556,239,15.1,0,1296.5,1519
2023-04-01,3556,150,13.9,0,1296.5,1518
2023-04-02,3556,150,13,0,1305.47998,1517
2023-04-03,3569,166,13.45,0,1308.050049,1518
2023-04-04,3601,178,14.6,5.9,1312.410034,1520
2023-04-05,3625,301,14,35.65,1316.209961,1522
2023-04-06,3625,213,12.25,2.4,1317.939941,1524
2023-04-07,3625,180,11.8,0,1317.939941,1526
2023-04-08,3625,255,10.4,0,1317.939941,1528
2023-04-09,3625,255,12.45,0,1315.449951,1529
2023-04-10,3662,435,15.65,0,1320.880005,1531
2023-04-11,3699,264,18.1,2.3,1322.089966,1534
2023-04-12,3718,332,13.5,0,1322.829956,1536
2023-04-13,3981,255,14.7,0,1301.430054,1538
2023-04-14,3984,271,15.1,3.7,1301.430054,1541
2023-04-15,3984,118,12.05,1.95,1301.430054,1542
2023-04-16,3984,118,10.8,2.1,1303.380005,1543
2023-04-17,4021,341,13.1,0,1316.069946,1545
2023-04-18,4025,306,15.65,4.15,1315.900024,1547
2023-04-19,4020,329,17.35,0,1326.76001,1547
2023-04-20,4127,296,21.1,0,1323.599976,1547
2023-04-21,4124,255,15.5,0,1323.599976,1546
2023-04-22,4124,216,14.25,0,1323.599976,1545
2023-04-23,4124,216,13.55,0,1329.380005,1544
2023-04-24,4160,296,13.65,0,1332.800049,1544
2023-04-25,4168,235,11.6,1.7,1341,1542
2023-04-26,4168,223,11.1,0,1337.829956,1540
2023-04-27,4276,240,14.5,0,1339.390015,1538
2023-04-28,4278,299,19,0,1339.390015,1536
2023-04-29,4278,238,16.3,2.8,1339.390015,1534
2023-04-30,4278,238,14.7,0,1337.170044,1533
2023-05-01,4278,296,14.5,0.15,1342.790039,1532
2023-05-02,4082,255,17.7,0,1342.300049,1530
2023-05-03,4119,261,19.7,2.85,1335.22998,1527
2023-05-04,4119,334,20.55,35.4,1320.150024,1523
2023-05-05,4119,328,19.35,61.1,1320.150024,1518
2023-05-06,4119,127,13.55,34.3,1320.150024,1516
2023-05-07,4119,127,12.55,0.9,1316.959961,1514
2023-05-08,4131,516,15,0,1322.410034,1511
2023-05-09,4135,427,19.1,0,1326.050049,1506
2023-05-10,4156,358,18.5,0,1318.050049,1500
2023-05-11,4090,357,17.7,0,1329.880005,1494
2023-05-12,4046,364,17.75,0,1329.880005,1488
2023-05-13,4046,205,17.35,0,1329.880005,1482
2023-05-14,4046,205,17.55,0.05,1341.52002,1480
2023-05-15,4067,239,19.95,0,1335.400024,1475
2023-05-16,4117,247,25.35,0,1342.430054,1468
2023-05-17,4126,351,25.5,0,1334.150024,1462
2023-05-18,4005,273,20.3,8.1,1334.73999,1457
2023-05-19,4064,313,18,0.2,1334.73999,1452
2023-05-20,4064,240,20.15,0,1334.73999,1448
2023-05-21,4064,240,20.5,0,1324.209961,1446
2023-05-22,4106,519,17.65,0.55,1313.829956,1443
2023-05-23,4069,398,18.2,0,1319.839966,1438
2023-05-24,4016,393,19.65,0,1318.52002,1435
2023-05-25,4023,447,21.2,0,1330.890015,1431
2023-05-26,3954,338,22.25,0.35,1330.890015,1429
2023-05-27,3954,209,22.55,1.25,1330.890015,1425
2023-05-28,3954,209,20.95,3.2,1322.430054,1424
2023-05-29,3954,276,20.6,7.35,1324.589966,1423
2023-05-30,3983,358,19.3,20.35,1319.790039,1422
2023-05-31,3964,257,20.65,1.25,1321.73999,1420
2023-06-01,3808,290,21.95,2.3,1312.849976,1415
2023-06-02,3784,368,22.25,0.75,1312.849976,1412
2023-06-03,3784,391,22.8,0,1312.849976,1409
2023-06-04,3784,391,23.15,0,1305.140015,1408
2023-06-05,3808,326,23.25,0,1299.790039,1407
2023-06-06,3808,312,22.5,0,1299.199951,1406
2023-06-07,3809,335,22.8,0,1308.339966,1404
2023-06-08,3742,295,24.05,0,1296.329956,1402
2023-06-09,3721,288,22.2,16.95,1296.329956,1401
2023-06-10,3721,214,22.05,4.4,1296.329956,1399
2023-06-11,3721,214,21.7,2.25,1286.689941,1398
2023-06-12,3727,328,20.9,0,1284.579956,1398
2023-06-13,3705,388,21.4,0,1267.619995,1396
2023-06-14,3688,314,19.7,0,1273.98999,1394
2023-06-15,3516,249,20.9,0,1270.050049,1392
2023-06-16,3512,235,26.1,0,1270.050049,1391
2023-06-17,3512,307,29.2,0,1270.050049,1389
2023-06-18,3512,307,24.1,0,1276.310059,1389
2023-06-19,3672,368,23.05,0,1283.23999,1388
2023-06-20,3665,366,21.2,9.8,1287.540039,1387
2023-06-21,3667,278,19.95,21.25,1288.380005,1386
2023-06-22,3839,282,21.55,0.65,1298.209961,1385
2023-06-23,3878,504,22.2,0,1298.209961,1385
2023-06-24,3878,245,22.55,0,1298.209961,1384
2023-06-25,3878,245,22.6,14.45,1307.670044,1383
2023-06-26,3916,418,22.8,18.65,1302.660034,1383
2023-06-27,3970,280,25.2,6.2,1296.599976,1382
2023-06-28,3970,508,25.9,1.2,1309.01001,1382
2023-06-29,4049,477,24.45,38.2,1323.069946,1381
2023-06-30,4062,327,22.05,19.8,1323.069946,1381
2023-07-01,4062,263,24.35,0,1323.069946,1379
2023-07-02,4062,263,25.85,0,1315.300049,1379
2023-07-03,4076,519,24.1,22.1,1306.099976,1379
2023-07-04,4062,431,24.1,7.35,1295.5,1379
2023-07-05,4038,388,26.4,15.75,1302.969971,1378
2023-07-06,4053,230,27.55,0,1309.219971,1378
2023-07-07,4121,493,26,13.35,1309.219971,1379
2023-07-08,4121,353,24.6,2.5,1309.219971,1379
2023-07-09,4121,353,25.15,16.55,1297.369995,1379
2023-07-10,4072,365,28.05,3.7,1299.540039,1380
2023-07-11,4072,402,26.45,3.5,1291.51001,1381
2023-07-12,4067,451,26.75,9.65,1274.699951,1383
2023-07-13,3882,254,26.15,5.6,1266.829956,1384
2023-07-14,4009,254,27.35,9.5,1266.829956,1387
2023-07-15,4009,133,25.95,21.55,1266.829956,1389
2023-07-16,4009,133,25.5,83.2,1268.339966,1390
2023-07-17,4032,636,27.1,6.5,1265.449951,1392
2023-07-18,4091,428,24.95,23.1,1264.939941,1394
2023-07-19,4095,245,24.95,0.3,1265.089966,1396
2023-07-20,4190,390,25.25,0,1278.400024,1399
2023-07-21,4195,491,25.8,0,1278.400024,1402
2023-07-22,4195,329,26,18.95,1278.400024,1403
2023-07-23,4195,329,27.2,20.1,1285.650024,1404
2023-07-24,4257,375,27.2,31.9,1280.530029,1407
2023-07-25,4274,417,28.95,0,1274.119995,1411
2023-07-26,4279,415,29.15,0.2,1275.170044,1415
2023-07-27,4281,296,29.7,0,1283.880005,1419
2023-07-28,4297,243,29.65,0,1283.880005,1425
2023-07-29,4297,239,29.65,0,1283.880005,1431
2023-07-30,4297,239,29.65,0,1272.390015,1434
2023-07-31,4380,374,29.1,0,1277.930054,1439
2023-08-01,4518,296,28.95,0,1289.050049,1450
2023-08-02,4604,272,30.85,0,1295.369995,1460
2023-08-03,4817,420,31,0,1296.400024,1472
2023-08-04,5062,368,30.9,0,1296.400024,1484
2023-08-05,5062,368,30.75,0,1296.400024,1496
2023-08-06,5062,368,28.45,13.85,1303.050049,1502
2023-08-07,5284,576,26.3,38.65,1307.75,1512
2023-08-08,5507,565,26.2,0.45,1316.670044,1527
2023-08-09,5533,353,24.65,40.5,1313.640015,1539
2023-08-10,5843,400,23.7,143.6,1318.329956,1548
2023-08-11,6073,396,26.95,0,1318.329956,1559
2023-08-12,6073,544,25.25,0.3,1318.329956,1568
2023-08-13,6073,544,25.8,0,1329.609985,1573
2023-08-14,5988,526,25.95,0,1334.73999,1581
2023-08-15,5988,478,25.25,1.15,1338.73999,1589
2023-08-16,5859,525,25.9,0,1343.329956,1595
2023-08-17,5791,491,25.9,0,1339.079956,1601
2023-08-18,5766,389,25.5,4.8,1339.079956,1606
2023-08-19,5766,349,26.6,0,1339.079956,1609
2023-08-20,5766,349,26.8,10.5,1339.170044,1611
2023-08-21,5872,554,27.85,0,1339.73999,1614
2023-08-22,5782,552,29.5,3.5,1339.689941,1618
2023-08-23,5766,537,25.85,27.6,1327.780029,1621
2023-08-24,5763,472,24.1,12.95,1326.619995,1622
2023-08-25,5721,297,25.4,5.5,1326.619995,1624
2023-08-26,5721,366,25.7,0,1326.619995,1625
2023-08-27,5721,366,25.3,3.35,1323.609985,1626
2023-08-28,5846,733,24.75,18.7,1322.819946,1628
2023-08-29,5761,450,26.65,10.4,1321.069946,1630
2023-08-30,5722,488,23.2,24.5,1323.030029,1631
2023-08-31,5657,400,23.95,0,1324.640015,1632
2023-09-01,5645,488,24.9,0,1324.640015,1635
2023-09-02,5645,551,24.75,0.05,1324.640015,1636
2023-09-03,5645,551,25.4,0,1317.459961,1637
2023-09-04,5561,573,25.25,0.05,1317.949951,1638
2023-09-05,5525,536,25.25,0,1331.72998,1640
2023-09-06,5521,643,24.55,0,1333.459961,1642
2023-09-07,5457,644,23.4,0,1334.02002,1644
2023-09-08,5422,684,22.75,0,1334.02002,1646
2023-09-09,5422,501,23.1,0,1334.02002,1648
2023-09-10,5422,501,23.65,0,1335.319946,1649
2023-09-11,5490,614,24.25,0,1320.439941,1652
2023-09-12,5569,707,25.45,0,1324.099976,1655
2023-09-13,5587,730,22.5,37.7,1329.77002,1658
2023-09-14,5447,602,21.55,17.3,1327.060059,1660
2023-09-15,5409,481,23.35,12.9,1327.060059,1664
2023-09-16,5409,465,23,36.75,1327.060059,1668
2023-09-17,5409,465,23.9,0.1,1328.420044,1669
2023-09-18,5528,912,24.85,0.05,1329.660034,1672
2023-09-19,5521,934,24.9,0,1328.530029,1677
2023-09-20,5519,927,22.9,50.25,1332.339966,1680
2023-09-21,6119,655,20,5.5,1341.170044,1683
2023-09-22,6309,594,19.8,0,1341.170044,1685
2023-09-23,6230,945,19.95,0.7,1341.170044,1687
2023-09-24,6230,945,20.85,0,1334.660034,1688
2023-09-25,6224,1070,22.05,2.65,1338.449951,1690
2023-09-26,6153,940,22.3,8.85,1353.75,1692
2023-09-27,6125,662,21.9,5.5,1352.819946,1694
2023-09-28,6125,118,23.25,0,1347.849976,1696
2023-09-29,6125,118,21.4,0,1347.849976,1697
2023-09-30,6125,118,20.05,2.4,1347.849976,1698
2023-10-01,6125,118,19.75,0,1351.939941,1698
2023-10-02,6125,496,18.1,0,1354.189941,1699
2023-10-03,6125,653,17.85,0.15,1359.219971,1699
2023-10-04,7074,677,19.4,0,1351.160034,1701
2023-10-05,6987,669,16.85,0,1346.060059,1701
2023-10-06,6861,569,16.25,0,1346.060059,1700
2023-10-07,6861,533,16.65,1.85,1346.060059,1698
2023-10-08,6861,533,17.35,0.2,1343.359985,1697
2023-10-09,6861,649,17.5,0.05,1346.890015,1697
2023-10-10,6826,594,17.25,1.35,1341.890015,1696
2023-10-11,6905,561,16.85,0,1338.26001,1695
2023-10-12,6739,485,17.1,0,1348.339966,1694
2023-10-13,6726,568,17.5,0,1348.339966,1692
2023-10-14,6726,549,16.55,0.7,1348.339966,1691
2023-10-15,6726,549,17.2,0,1352.069946,1690
2023-10-16,6715,935,15.9,0.2,1347.76001,1690
2023-10-17,6587,624,15,0,1352.98999,1689
2023-10-18,6436,570,16.8,0,1354.560059,1688
2023-10-19,6225,495,18.5,0,1356.22998,1687
2023-10-20,5863,360,14.85,0,1356.22998,1686
2023-10-21,5863,433,12.25,0,1356.22998,1686
2023-10-22,5863,433,14.15,0,1349.339966,1685
2023-10-23,5881,534,14.95,0,1334.439941,1685
2023-10-24,5754,623,16,0,1343.640015,1684
2023-10-25,5647,595,17.35,0,1352.680054,1683
2023-10-26,5265,583,18.3,0,1350.339966,1682
2023-10-27,5019,550,14.05,11,1350.339966,1680
2023-10-28,5019,568,13.3,0,1350.339966,1679
2023-10-29,5019,568,13.7,0,1350.339966,1678
2023-10-30,4959,528,15.45,0,1355.219971,1678
2023-10-31,4751,512,16.5,0,1348.069946,1676
2023-11-01,4704,530,19.8,0,1350.160034,1674
2023-11-02,3604,375,22.1,0,1347.839966,1671
2023-11-03,3611,681,20,4.25,1333.680054,1669
2023-11-04,3611,681,17.45,16.35,1333.680054,1667
2023-11-05,3611,681,18.6,1.8,1333.680054,1666
2023-11-06,3517,749,17.35,13.35,1307.839966,1665
2023-11-07,3466,520,11.4,0,1297.109985,1662
2023-11-08,3448,1044,10.95,0,1304.550049,1659
2023-11-09,2845,982,15.95,4.2,1308.119995,1654
2023-11-10,2706,1054,10.55,0.85,1315.199951,1649
2023-11-11,2706,983,6.75,0,1315.199951,1644
2023-11-12,2706,983,6.25,0,1315.199951,1642
2023-11-13,2771,1070,6.6,0.35,1319.619995,1639
2023-11-14,2736,898,8.4,0,1319.069946,1634
2023-11-15,2714,844,8.2,0,1304.23999,1629
2023-11-16,2580,939,8.55,6.95,1301.859985,1625
2023-11-17,2678,972,6.05,9.65,1292.449951,1620
2023-11-18,2678,1002,4.75,3.4,1292.449951,1617
2023-11-19,2678,1002,10.2,0,1292.449951,1615
2023-11-20,2602,1358,8.45,0,1294.5,1613
2023-11-21,2595,1206,10.8,0,1288.150024,1606
2023-11-22,2650,1027,13.4,0,1295.189941,1604
2023-11-23,2578,1316,14.75,0,1298.790039,1599
2023-11-24,2648,1420,4.25,0.05,1300.180054,1595
2023-11-25,2648,1171,1.95,0,1300.180054,1592
2023-11-26,2648,1171,5.4,0,1300.180054,1590
2023-11-27,2609,751,9.8,0,1289.790039,1588
2023-11-28,2580,569,5.7,0,1302.530029,1584
2023-11-29,2591,560,4.35,0.1,1287.530029,1581
2023-11-30,2797,737,0.9,0,1288.359985,1578
2023-12-01,2797,756,1.6,0.05,1296.660034,1575
2023-12-02,2797,34,4.45,0,1296.660034,1572
2023-12-03,2797,34,5.2,0,1296.660034,1571
2023-12-04,2927,846,5.2,0,1299.189941,1568
2023-12-05,2986,668,6.6,0,1307.800049,1564
2023-12-06,2982,539,9.25,2.85,1313.369995,1559
2023-12-07,3104,548,8.3,0,1313.719971,1554
2023-12-08,3099,538,14.05,0,1312.76001,1550
2023-12-09,3099,446,15.9,0,1312.76001,1545
2023-12-10,3099,446,12.7,17.4,1312.76001,1544
2023-12-11,3094,278,11.6,49.3,1316.51001,1540
2023-12-12,3074,279,6.7,8.6,1313.619995,1534
2023-12-13,3055,345,9,0,1310.140015,1529
2023-12-14,2965,214,9.9,18.65,1292.01001,1524
2023-12-15,2830,329,7.5,28.3,1291.920044,1520
2023-12-16,2830,102,0.85,3.4,1291.920044,1516
2023-12-17,2830,102,-4.6,1.35,1291.920044,1515
2023-12-18,2822,354,-2.5,0.05,1276.469971,1512
2023-12-19,2827,269,0.55,0,1302.930054,1508
2023-12-20,2861,128,-1.4,0.45,1297.76001,1506
2023-12-21,2931,378,-5.95,2.7,1296.97998,1504
2023-12-22,3014,288,-6.25,1.2,1291.709961,1503
2023-12-23,3014,124,-1.65,0,1291.709961,1502
2023-12-24,3014,124,0.9,0.3,1291.709961,1501
2023-12-25,3014,346,1.95,0,1297.359985,1501
2023-12-26,3081,269,3.5,0,1294.579956,1500
2023-12-27,3076,266,3.5,0,1293.920044,1499
2023-12-28,3076,435,4,0,1294.76001,1498
2023-12-29,3312,301,3.75,0,1277.839966,1497
2023-12-30,3312,390,4.65,0.75,1277.839966,1495
2023-12-31,3312,390,5.1,7.55,1277.839966,1495
2024-01-01,3312,390,4.2,0.65,1293.530029,1493
2024-01-02,3356,390,5.2,0,1293.540039,1492
2024-01-03,3396,415,4.85,1.65,1307.619995,1490
2024-01-04,3204,404,3.25,0,1309.530029,1488
2024-01-05,3089,381,6.65,0,1311.25,1487
2024-01-06,3089,317,4.05,0,1311.25,1485
2024-01-07,3089,317,0.7,0,1311.25,1484
2024-01-08,3060,221,-0.95,0,1313.130005,1484
2024-01-09,3038,224,2.8,0.6,1311.800049,1482
2024-01-10,2998,248,2.7,0,1319.790039,1481
2024-01-11,2844,382,2.6,0,1317.5,1479
2024-01-12,2729,244,5.3,0,1311.98999,1477
2024-01-13,2729,244,1.15,0,1311.98999,1476
2024-01-14,2729,244,6.05,0,1311.98999,1475
2024-01-15,2726,363,1.95,0,1312.849976,1475
2024-01-16,2729,266,2.65,0,1319.709961,1474
2024-01-17,2731,243,8.5,0.35,1337.790039,1473
2024-01-18,2841,231,7.05,1.9,1344.050049,1473
2024-01-19,2898,208,5.05,2.75,1337.660034,1472
2024-01-20,2898,208,4.4,31.5,1337.660034,1472
2024-01-21,2898,208,3.15,1.65,1337.660034,1471
2024-01-22,2935,396,-2.45,0.2,1333.209961,1472
2024-01-23,2962,422,-6,1.8,1338.73999,1472
2024-01-24,2969,234,-4.05,0.55,1336.780029,1473
2024-01-25,3345,158,-1.4,0,1329.890015,1474
2024-01-26,3409,262,1.55,0,1336.030029,1476
2024-01-27,3409,216,1.85,0,1336.030029,1479
2024-01-28,3409,216,2.05,0,1336.030029,1479
2024-01-29,3272,417,0.85,0,1336.76001,1482
2024-01-30,3218,333,2.25,0.75,1333.209961,1485
2024-01-31,3204,416,6.7,0.7,1326.619995,1488
2024-02-01,3037,450,3.15,8.15,1333.910034,1492
2024-02-02,3011,411,2.55,0.7,1328.949951,1494
2024-02-03,3011,396,4,1.6,1328.949951,1496
2024-02-04,3011,396,5.2,2.45,1328.949951,1496
2024-02-05,3015,443,3.5,18.6,1337.72998,1498
2024-02-06,3004,346,2.55,0.05,1333.390015,1501
2024-02-07,3008,368,1.25,0.1,1326.790039,1503
2024-02-08,3028,355,1.3,0,1327.619995,1504
2024-02-09,3028,87,1.8,0,1331.469971,1507
2024-02-10,3028,87,2.65,0,1331.469971,1508
2024-02-11,3028,87,2.8,0,1331.469971,1508
2024-02-12,3028,87,5.45,0,1330.060059,1509
2024-02-13,3315,177,11.3,0,1328.5,1511
2024-02-14,3361,223,15.5,2.05,1340.790039,1514
2024-02-15,3397,267,5.1,15.95,1326,1517
2024-02-16,3520,328,3.2,0,1327.660034,1521
2024-02-17,3520,177,8.45,0,1327.660034,1523
2024-02-18,3520,177,12.95,17.7,1327.660034,1524
2024-02-19,3615,381,10.05,4.75,1331.579956,1527
2024-02-20,3657,317,4.95,20.4,1333.339966,1530
2024-02-21,3663,261,4.5,27,1333.75,1531
2024-02-22,3733,275,2.35,11.2,1332.869995,1533
2024-02-23,3770,218,2.15,4.85,1327.170044,1534
2024-02-24,3770,185,2.3,2.75,1327.170044,1535
2024-02-25,3770,185,3.1,1.55,1327.170044,1535
2024-02-26,3786,290,2.9,0.7,1330,1536
2024-02-27,3828,320,4.45,0,1331.719971,1537
2024-02-28,3845,349,5.95,0,1331.790039,1537
2024-02-29,4082,364,5.15,2.4,1333.380005,1538
2024-03-01,4082,302,-0.1,0,1335.199951,1538
2024-03-02,4082,302,0.55,0,1335.199951,1538
2024-03-03,4082,302,4.5,0.1,1335.199951,1539
2024-03-04,3984,386,5.9,1.1,1330.900024,1540
2024-03-05,3917,350,5.7,3.8,1328.939941,1540
2024-03-06,3859,323,5.45,1.45,1333.430054,1540
2024-03-07,3933,240,3.9,0.35,1327.089966,1540
2024-03-08,3851,367,4.1,0,1321.180054,1540
2024-03-09,3851,270,2.85,0,1321.180054,1540
2024-03-10,3851,270,5.8,0,1321.180054,1539
2024-03-11,3628,438,8.1,0.75,1315.97998,1540
2024-03-12,3572,320,4.75,0.1,1310.540039,1539
2024-03-13,3470,264,6.65,0,1311.150024,1539
2024-03-14,3311,384,8.85,0,1313.650024,1539
2024-03-15,3348,283,11.3,0,1321.920044,1538
2024-03-16,3348,274,10.95,0.2,1321.920044,1538
2024-03-17,3348,274,10,0.35,1321.920044,1538
2024-03-18,3364,345,8.05,0,1329.339966,1538
2024-03-19,3400,388,8.45,1.35,1336.089966,1537
2024-03-20,3400,362,4.05,4.7,1337.02002,1538
2024-03-21,3462,395,4.7,0,1330.109985,1538
2024-03-22,3611,385,9.75,1.7,1334.680054,1538
2024-03-23,3611,297,11.9,0.75,1334.680054,1537
2024-03-24,3611,297,10.7,2.4,1334.680054,1537
2024-03-25,3798,434,9.6,10.05,1343.599976,1538
2024-03-26,3785,389,6.35,24.3,1339.130005,1538
2024-03-27,3851,376,10.25,0,1343.060059,1538
2024-03-28,3941,355,12.05,12.1,1349.800049,1538
2024-03-29,3973,293,11.85,0,1349.800049,1538
2024-03-30,3973,238,11.7,0,1349.800049,1538
2024-03-31,3973,238,11.2,0,1345.310059,1538
2024-04-01,4073,418,11.65,0,1355.530029,1539
2024-04-02,4046,382,12.9,8.8,1350.72998,1540
2024-04-03,4126,359,11.6,10.05,1344.839966,1540
2024-04-04,4244,359,11.55,0.35,1351.359985,1541
2024-04-05,4318,356,12.9,0,1351.359985,1543
2024-04-06,4318,276,14.45,0,1351.359985,1545
2024-04-07,4318,276,16.7,0,1350.27002,1546
2024-04-08,4347,321,16,0,1354.219971,1549
2024-04-09,4427,354,10.9,0,1348.540039,1552
2024-04-10,4427,366,13.25,0,1363.76001,1553
2024-04-11,4248,357,15.55,0,1367.839966,1554
2024-04-12,4246,335,17.7,0,1367.839966,1556
2024-04-13,4246,250,18.9,0,1367.839966,1557
2024-04-14,4246,250,19.35,0,1379.609985,1558
2024-04-15,4267,416,16.6,4.55,1387.670044,1560
2024-04-16,4403,402,16.1,0,1387.339966,1562
2024-04-17,4462,368,15.1,0,1379.540039,1564
2024-04-18,4477,310,15.15,0,1379.400024,1565
2024-04-19,4555,377,17.5,0,1379.400024,1566
2024-04-20,4555,297,14.5,16.8,1379.400024,1566
2024-04-21,4555,297,14.6,3.55,1373.930054,1566
2024-04-22,4502,336,15.7,0.05,1378.839966,1566
2024-04-23,4530,374,14,1.6,1370.47998,1566
2024-04-24,4578,379,12.3,5.05,1376.969971,1566
2024-04-25,4590,426,18.4,0,1371.699951,1566
2024-04-26,4624,376,18.75,0,1371.699951,1566
2024-04-27,4624,313,20.25,0,1371.699951,1566
2024-04-28,4624,313,17.3,0,1377.089966,1566
2024-04-29,4665,412,14.7,15.5,1374.640015,1566
2024-04-30,4712,399,13.7,0.35,1385.459961,1566
2024-05-01,4712,305,13.7,0,1375,1565
2024-05-02,4348,324,16.35,0,1364.640015,1565
2024-05-03,4359,404,18.8,0,1364.640015,1564
2024-05-04,4359,356,20.35,0.6,1364.640015,1563
2024-05-05,4359,356,20.4,43.65,1355.050049,1562
2024-05-06,4359,429,17.4,0.1,1352.170044,1562
2024-05-07,4357,438,13.7,10.2,1357.72998,1561
2024-05-08,4294,342,13.4,1.6,1361.939941,1559
2024-05-09,3929,408,17.05,0,1365.400024,1557
2024-05-10,3808,335,19.9,0,1365.400024,1555
2024-05-11,3808,210,20.75,10.4,1365.400024,1552
2024-05-12,3808,210,18.1,2.65,1370.109985,1551
2024-05-13,3861,457,18,0,1363.790039,1549
2024-05-14,3794,456,20.45,0,1362.550049,1546
2024-05-15,3794,446,15.05,14.55,1353.599976,1543
2024-05-16,3775,412,14.4,13.1,1346.040039,1541
2024-05-17,3797,433,19.7,0,1346.040039,1539
2024-05-18,3797,284,23.15,0,1346.040039,1535
2024-05-19,3797,284,20.1,0,1353.390015,1534
2024-05-20,3747,662,17.35,0.25,1360.160034,1532
2024-05-21,3695,492,17.45,0,1363.420044,1529
2024-05-22,3636,390,20.9,0,1365.810059,1526
2024-05-23,3568,422,24.25,0,1367.619995,1523
2024-05-24,3579,334,18.85,0,1367.619995,1520
2024-05-25,3579,338,18.95,0,1367.619995,1517
2024-05-26,3579,338,20.3,2.35,1365.709961,1516
2024-05-27,3594,471,20.7,0,1360.930054,1514
2024-05-28,3464,343,18.6,0,1362.76001,1511
2024-05-29,3520,307,21.45,0,1370.550049,1509
2024-05-30,3568,339,20.55,1.2,1375.619995,1507
2024-05-31,3579,452,20.3,2.35,1375.619995,1505
2024-06-01,3579,313,18.05,2.55,1375.619995,1502
2024-06-02,3579,313,18.05,1.8,1382.099976,1501
2024-06-03,3681,410,18.6,0,1370.790039,1500
2024-06-04,3683,492,19.8,0,1373.719971,1497
2024-06-05,3672,408,20.05,0,1368.73999,1495
2024-06-06,3672,318,21.25,0,1365.25,1492
2024-06-07,3668,310,22.1,0,1365.25,1490
2024-06-08,3668,275,20.75,5.1,1365.25,1488
2024-06-09,3668,275,23.45,0,1379.050049,1487
2024-06-10,3609,364,24.8,0,1373.959961,1486
2024-06-11,3606,536,25.85,0,1377.359985,1483
2024-06-12,3606,329,26.15,0,1370.410034,1481
2024-06-13,3422,346,25.15,0,1373.73999,1480
2024-06-14,3410,310,24.9,0,1373.73999,1479
2024-06-15,3410,428,24.2,6.55,1373.73999,1478
2024-06-16,3410,428,24.05,0,1382.280029,1478
2024-06-17,3406,382,24.85,0,1379.060059,1477
2024-06-18,3421,513,25.55,0,1378.609985,1477
2024-06-19,3412,454,26.7,0,1381.150024,1478
2024-06-20,3461,524,25.1,2.2,1391.819946,1478
2024-06-21,3478,338,24.85,0,1391.819946,1479
2024-06-22,3478,318,23.05,28.25,1391.819946,1480
2024-06-23,3478,318,23.1,7.65,1388.390015,1481
2024-06-24,3479,416,23.95,4.1,1386.109985,1483
2024-06-25,3496,404,23.4,0,1390.890015,1486
2024-06-26,3525,491,23.8,0,1393.380005,1488
2024-06-27,3784,466,23.45,1.4,1386.949951,1491
2024-06-28,3830,377,25.1,0,1386.949951,1495
2024-06-29,3830,389,25.35,38.6,1386.949951,1499
2024-06-30,3830,389,23.95,41.6,1380.290039,1502
2024-07-01,3813,393,26.15,8.95,1383.420044,1511
2024-07-02,3869,464,24.55,22.05,1383.420044,1516
2024-07-03,4034,571,26.75,1.15,1385.77002,1519
2024-07-04,4271,347,27.65,0,1380.25,1524
2024-07-05,4445,645,27.7,1.7,1380.25,1528
2024-07-06,4445,375,28.2,0,1380.25,1532
2024-07-07,4445,375,27.1,1.45,1376.569946,1534
2024-07-08,4462,452,25.75,7.15,1382.75,1538
2024-07-09,4489,311,25.45,1.95,1382.420044,1541
2024-07-10,4501,501,24,13.5,1382.98999,1543
2024-07-11,4608,288,24.65,0,1371.27002,1544
2024-07-12,4707,441,25.25,0,1371.27002,1546
2024-07-13,4707,428,24.3,1.15,1371.27002,1546
2024-07-14,4707,428,23.45,9.75,1374.109985,1547
2024-07-15,4761,519,23.6,3.6,1383.689941,1548
2024-07-16,4813,547,25.15,50.7,1382.640015,1548
2024-07-17,4846,361,27.1,3.35,1378.650024,1549
2024-07-18,4969,339,26.4,15.55,1385.23999,1549
2024-07-19,5092,326,27.5,20.6,1385.23999,1550
2024-07-20,5092,365,28.9,0.05,1385.23999,1549
2024-07-21,5092,365,28.9,5,1388.810059,1549
2024-07-22,5182,509,29.85,0.6,1387.099976,1550
2024-07-23,5230,499,29.6,1,1384.569946,1550
2024-07-24,5144,380,30.1,0,1382.650024,1550
2024-07-25,5531,571,30.15,0.9,1381.430054,1549
2024-07-26,5556,492,28.35,11.95,1381.430054,1549
2024-07-27,5556,318,29.45,9.7,1381.430054,1548
2024-07-28,5556,318,30.75,0,1382.089966,1548
2024-07-29,5529,506,30.25,0.1,1381.359985,1549
2024-07-30,5553,579,30.05,0.85,1383.5,1548
2024-07-31,5542,425,30.9,0,1367.920044,1547
2024-08-01,5414,406,31.25,0,1368.969971,1547
2024-08-02,5373,433,31.05,0,1368.969971,1546
2024-08-03,5373,433,31,0,1368.969971,1546
2024-08-04,5373,433,29.5,0,1357.170044,1545
2024-08-05,5311,536,28.65,0.65,1367.400024,1545
2024-08-06,5445,487,29,0,1370.310059,1544
2024-08-07,5515,375,29.95,0.2,1375.329956,1542
2024-08-08,5629,381,28.95,0.15,1373.76001,1541
2024-08-09,5809,447,29,0,1373.76001,1539
2024-08-10,5809,425,28.8,0,1373.76001,1537
2024-08-11,5809,425,28.95,0,1363.839966,1537
2024-08-12,5990,553,28.25,0,1369.540039,1536
2024-08-13,6000,483,27.8,0,1362.170044,1534
2024-08-14,6159,370,27.9,0,1355.709961,1533
2024-08-15,6159,435,27.6,0,1363.51001,1532
2024-08-16,6806,367,27.55,0.15,1363.51001,1531
2024-08-17,6806,359,27.45,4.8,1363.51001,1530
2024-08-18,6806,359,28.15,0,1348.97998,1530
2024-08-19,6888,571,28.95,0,1330.880005,1529
2024-08-20,6937,465,28.55,10.75,1327.579956,1527
2024-08-21,6926,462,29,2.7,1333.660034,1524
2024-08-22,7293,412,30,3.8,1339.540039,1521
2024-08-23,7306,511,29.55,0,1339.540039,1517
2024-08-24,7306,462,28.9,0,1339.540039,1515
2024-08-25,7306,462,27.55,9.85,1323.880005,1514
2024-08-26,7419,782,26.75,2.05,1326.640015,1512
2024-08-27,7561,664,26.2,5.45,1326.359985,1510
2024-08-28,7527,508,26.7,0.75,1336.689941,1508
2024-08-29,6572,572,28.4,20.2,1332.880005,1506
2024-08-30,6455,448,26.45,3.3,1332.880005,1503
2024-08-31,6455,438,25.5,0,1332.880005,1501
2024-09-01,6455,438,27,0,1336.579956,1500
2024-09-02,6545,641,24.55,4.05,1337.550049,1498
2024-09-03,6604,714,24.65,0,1340.410034,1496
2024-09-04,6704,636,25.2,0,1331.01001,1493
2024-09-05,6971,679,27.55,0,1332.790039,1489
2024-09-06,7077,759,25.2,14.9,1332.790039,1486
2024-09-07,7077,644,24.85,1.3,1332.790039,1482
2024-09-08,7077,644,25.75,0,1337.77002,1481
2024-09-09,7096,943,26.5,0,1341.27002,1478
2024-09-10,7096,1042,28.3,0,1343.339966,1473
2024-09-11,7376,847,26.9,29.75,1339.180054,1468
2024-09-12,7816,783,25.3,8.2,1335.689941,1463
2024-09-13,8002,488,26.15,3,1335.689941,1459
2024-09-14,8002,422,25.6,0.95,1335.689941,1455
2024-09-15,8002,422,25.15,22,1329.51001,1454
2024-09-16,8002,163,24.95,5.55,1319.109985,1452
2024-09-17,8002,163,27.2,18.5,1322.930054,1451
2024-09-18,8002,163,26.55,1.7,1322.26001,1450
2024-09-19,9337,163,27.2,5.5,1327.609985,1447
2024-09-20,8989,787,25.95,64.6,1327.609985,1444
2024-09-21,8989,448,22.5,171.55,1327.609985,1441
2024-09-22,8989,448,20.05,30.95,1331.5,1440
2024-09-23,9321,464,20.25,0,1333.619995,1438
2024-09-24,9474,531,20.35,0,1324.890015,1435
2024-09-25,9383,537,21.8,0,1335.050049,1432
2024-09-26,9680,653,23,0.25,1313.300049,1429
2024-09-27,9963,625,22.25,18.25,1313.300049,1427
2024-09-28,9963,474,22,3.1,1313.300049,1425
2024-09-29,9963,474,21.85,0.05,1309.300049,1423
2024-09-30,9662,467,22.35,0,1315.329956,1423
2024-10-01,9662,376,21.1,0,1324.839966,1419
2024-10-02,9202,354,16.45,0,1324.030029,1418
2024-10-03,9202,400,14.25,3.8,1334.410034,1416
2024-10-04,8848,470,16.35,0.1,1334.410034,1416
2024-10-05,8848,370,17.65,0,1334.410034,1415
2024-10-06,8848,370,17.25,2.25,1345.880005,1415
2024-10-07,8794,678,17.25,1.5,1342.369995,1415
2024-10-08,8758,515,16.5,12.5,1341.310059,1416
2024-10-09,8758,555,17.65,0.9,1343.02002,1417
2024-10-10,9132,623,17.65,2.55,1349.73999,1418
2024-10-11,8796,502,17.65,0,1349.73999,1418
2024-10-12,8796,416,17.95,0,1349.73999,1419
2024-10-13,8796,416,18.5,0,1348.329956,1419
2024-10-14,8680,464,19.85,6.45,1357.27002,1421
2024-10-15,8635,543,20.95,0.5,1363.180054,1422
2024-10-16,8666,468,19.3,0,1364.199951,1422
2024-10-17,9363,619,18.95,0,1370.050049,1422
2024-10-18,9123,654,20.35,26,1370.050049,1421
2024-10-19,9123,461,16.65,31.2,1370.050049,1421
2024-10-20,9123,461,14.1,0,1369.01001,1421
2024-10-21,9162,493,16.9,9.2,1376.5,1422
2024-10-22,8864,568,17.5,44.95,1376.630005,1422
2024-10-23,8760,395,15.95,0.3,1377.339966,1422
2024-10-24,7657,516,14.1,0,1376.319946,1423
2024-10-25,7087,693,15.6,0,1376.319946,1424
2024-10-26,7087,563,16.9,0,1376.319946,1426
2024-10-27,7087,563,17,0.1,1376.319946,1426
2024-10-28,6847,673,14.85,4.45,1387.660034,1428
2024-10-29,6627,543,15.1,0,1381.969971,1428
2024-10-30,6502,656,15.25,0,1383.180054,1429
2024-10-31,5294,599,16.45,0,1378.569946,1430
2024-11-01,4875,581,15.65,34.7,1372.930054,1434
2024-11-02,4875,485,16.7,6.05,1372.930054,1436
2024-11-03,4875,485,16.55,0,1372.930054,1436
2024-11-04,4810,662,16.5,0.3,1379.339966,1438
2024-11-05,4741,686,12.15,10.9,1372.859985,1441
2024-11-06,4549,636,9.8,0,1378,1444
2024-11-07,4310,644,9.8,0,1399.800049,1447
2024-11-08,3919,699,11.85,0,1372.079956,1450
2024-11-09,3919,799,12.45,0,1372.079956,1454
2024-11-10,3919,799,15.1,0,1372.079956,1455
2024-11-11,3877,767,14.15,0,1397.199951,1457
2024-11-12,3778,856,15.25,0.15,1400.550049,1459
2024-11-13,3693,729,14.15,0.05,1406.650024,1461
2024-11-14,3309,779,16.75,1,1399,1463
2024-11-15,3257,940,16.65,0.95,1400.829956,1464
2024-11-16,3257,1058,19.15,0,1400.829956,1464
2024-11-17,3257,1058,12.85,0,1400.829956,1465
2024-11-18,3198,1073,5.4,0,1394.349976,1466
2024-11-19,3137,853,7.1,0,1389.5,1467
2024-11-20,3074,919,10.7,0,1392.160034,1468
2024-11-21,2990,903,9.95,0,1397.619995,1470
2024-11-22,3031,1079,8.95,0,1399.599976,1471
2024-11-23,3031,1156,5.8,0.5,1399.599976,1472
2024-11-24,3031,1156,8.1,0,1399.599976,1472
2024-11-25,3060,870,12,1.2,1403.51001,1474
2024-11-26,3047,865,9.75,6.9,1395.560059,1476
2024-11-27,3096,751,4.2,3.3,1395.27002,1477
2024-11-28,3165,632,5.4,1,1388.469971,1478
2024-11-29,3243,1129,5.95,0.3,1393.300049,1479
2024-11-30,3243,903,7.7,0.1,1393.300049,1479
2024-12-01,3243,903,9,0,1393.300049,1479
2024-12-02,3478,966,10.55,0,1399.859985,1481
2024-12-03,3421,688,5.7,0,1401.060059,1482
2024-12-04,3396,590,4.25,0,1411.670044,1483
2024-12-05,4054,646,6.25,0,1410.800049,1484
2024-12-06,4054,804,6.05,0,1399.98999,1486
2024-12-07,4054,535,2.85,1.9,1399.98999,1486
2024-12-08,4054,535,2.8,0.8,1399.98999,1486
2024-12-09,4224,557,3.65,0,1424.219971,1488
2024-12-10,4195,354,4.7,0,1426.599976,1489
2024-12-11,4177,343,4.85,8.45,1433.949951,1490
2024-12-12,4236,454,4.3,0,1429.150024,1491
2024-12-13,4322,508,3.35,1.15,1427.859985,1492
2024-12-14,4322,448,1.9,0.15,1427.859985,1493
2024-12-15,4322,448,4.15,0,1427.859985,1494
2024-12-16,4413,348,3.15,0,1434.449951,1496
2024-12-17,4459,471,2.45,0,1431.349976,1497
2024-12-18,4491,207,1.45,0,1436.420044,1499
2024-12-19,4488,393,1.4,0,1451.5,1500
2024-12-20,4592,269,2.75,0,1437.449951,1502
2024-12-21,4592,260,3.3,0,1437.449951,1503
2024-12-22,4592,260,0.6,0,1437.449951,1503
2024-12-23,4639,384,2.4,0,1445.420044,1505
2024-12-24,4650,375,3.4,0,1442.699951,1507
2024-12-25,4650,351,3.35,0,1453.420044,1508
2024-12-26,4816,238,4.4,0,1457.609985,1510
2024-12-27,4899,289,1.75,0,1466.98999,1511
2024-12-28,4899,246,0.5,0.8,1466.98999,1512
2024-12-29,4899,246,3.2,0,1466.98999,1513
2024-12-30,4899,291,6.6,0,1472.800049,1514
2024-12-31,4894,155,4.35,0,1467.390015,1516
2025-01-01,4894,155,3.2,0,1467.390015,1517
2025-01-02,5078,155,2.95,0,1473.52002,1519
2025-01-03,5027,328,1.25,0,1471.650024,1522
2025-01-04,5027,331,2.1,0,1471.650024,1525
2025-01-05,5027,331,3.9,2.45,1471.650024,1526
2025-01-06,5211,481,3.2,0.65,1465.530029,1529
2025-01-07,5318,432,0.9,0.5,1459.449951,1533
2025-01-08,5367,387,1.2,0.15,1451.880005,1537
2025-01-09,4809,460,-5.1,0.3,1457.969971,1540
2025-01-10,4928,333,-3.9,0.05,1455.22998,1543
2025-01-11,4928,194,-1.35,0,1455.22998,1546
2025-01-12,4928,194,0.15,0,1455.22998,1547
2025-01-13,4928,388,1.3,0,1472.25,1551
2025-01-14,4916,314,4.65,0,1458.890015,1556
2025-01-15,4901,408,0.35,0.05,1460.439941,1561
2025-01-16,5007,353,1.55,0,1437.219971,1566
2025-01-17,4808,479,2.3,0,1453.319946,1572
2025-01-18,4808,276,3.1,0,1453.319946,1575
2025-01-19,4808,276,4.15,0,1453.319946,1577
2025-01-20,4781,560,3.5,0,1457.380005,1581
2025-01-21,4804,545,3.25,0,1435.530029,1585
2025-01-22,4785,498,3.9,0,1425.790039,1589
2025-01-23,4901,491,3.1,0,1434.339966,1591
2025-01-24,4839,443,2.7,3.4,1433.930054,1593
2025-01-25,4839,352,3,4.45,1433.930054,1595
2025-01-26,4839,352,3.35,0.05,1433.930054,1595
2025-01-27,4839,244,1.85,2.8,1427.630005,1596
2025-01-28,4839,78,-0.8,0.75,1417.920044,1597
2025-01-29,4839,78,-1.3,0,1443.26001,1597
2025-01-30,4839,78,0.15,0,1443.319946,1597
2025-01-31,4835,78,3.8,1.4,1441.660034,1597
2025-02-01,4835,196,4.3,12.1,1441.660034,1597
2025-02-02,4835,196,3.95,0,1441.660034,1597
2025-02-03,4997,286,0.45,0.9,1456.780029,1597
2025-02-04,4973,336,-4.05,0.55,1459.050049,1597
2025-02-05,4986,393,-4.5,1.25,1450.160034,1597
2025-02-06,5129,298,-2.7,0.15,1443.890015,1597
2025-02-07,5180,243,-4.3,1,1442.150024,1597
2025-02-08,5180,208,-3.95,0.4,1442.150024,1597
2025-02-09,5180,208,-1.3,0,1442.150024,1596
2025-02-10,5175,410,-0.2,0,1450.619995,1597
2025-02-11,5176,435,3.1,0,1453.209961,1596
2025-02-12,5168,435,5.35,3.85,1450.75,1596
2025-02-13,5062,405,2.35,0,1452.119995,1595
2025-02-14,5107,420,4.9,0,1438.73999,1595
2025-02-15,5107,400,5.15,0.25,1438.73999,1594
2025-02-16,5107,400,6.6,0,1438.73999,1594
2025-02-17,5113,437,2.55,0,1432.599976,1594
2025-02-18,5188,450,0.85,0,1441.290039,1593
2025-02-19,5243,392,0.15,0,1440.079956,1592
2025-02-20,5210,324,-0.3,0,1439.97998,1591
2025-02-21,5195,318,0.35,0,1431.699951,1591
2025-02-22,5195,243,-0.2,0,1431.699951,1590
2025-02-23,5195,243,-0.4,0,1431.699951,1590
2025-02-24,5195,302,1.1,0,1434.290039,1590
2025-02-25,5195,363,2.95,0,1428.650024,1589
2025-02-26,5178,336,5.05,0,1429.5,1588
2025-02-27,5197,351,7.65,0,1434.420044,1587
2025-02-28,5179,326,10.7,0,1449.859985,1586
2025-03-01,5179,241,10.85,5.8,1449.859985,1584
2025-03-02,5179,241,9.9,10.8,1449.859985,1583
2025-03-03,5179,389,3.95,10.45,1459.800049,1583
2025-03-04,5194,459,3.7,8.7,1457.930054,1582
2025-03-05,5255,459,3.75,7.3,1452.849976,1580
2025-03-06,5561,655,4.05,0,1443.030029,1578
2025-03-07,5579,661,4.35,0,1446.5,1575
2025-03-08,5579,466,5.9,0.05,1446.5,1572
2025-03-09,5579,466,5.85,0,1446.5,1571
2025-03-10,5578,549,8.75,0,1446.26001,1569
2025-03-11,5552,536,10.45,0,1457.030029,1565
2025-03-12,5549,516,11.35,0,1451.02002,1561
2025-03-13,5535,450,10.25,0,1448.75,1558
2025-03-14,5516,495,10,0,1453.22998,1555
2025-03-15,5516,284,8.2,4.05,1453.22998,1552
2025-03-16,5516,284,4.75,3.3,1453.22998,1551
2025-03-17,5503,498,3,8.85,1449.050049,1550
2025-03-18,5483,387,2.1,5.6,1442.48999,1547
2025-03-19,5493,508,2.85,0,1448.939941,1545
2025-03-20,5643,637,8.45,0,1443.390015,1543
2025-03-21,5642,535,13.5,0,1465.819946,1541
2025-03-22,5642,430,14.95,0,1465.819946,1539
2025-03-23,5642,430,12.65,0,1465.819946,1538
2025-03-24,5624,531,16.7,0,1464.780029,1538
2025-03-25,5635,523,14.05,0,1466.27002,1536
2025-03-26,5623,447,13.5,0,1462.089966,1534
2025-03-27,5571,493,11.55,1.3,1465.680054,1533
2025-03-28,5547,414,5.8,11.95,1461.890015,1533
2025-03-29,5547,289,4.35,0,1461.890015,1531
2025-03-30,5547,289,4.05,0,1469.410034,1531
2025-03-31,5550,379,7.4,0,1471.959961,1531
2025-04-01,5582,393,9.65,0,1469.969971,1531
2025-04-02,5561,365,8.65,0,1466.040039,1531
2025-04-03,5671,486,8.55,0,1450.680054,1531
2025-04-04,5704,484,9.1,0,1450.680054,1530
2025-04-05,5704,383,10.8,2,1450.680054,1529
2025-04-06,5704,383,10.55,0,1458.52002,1528
2025-04-07,5698,624,13.55,0,1469.949951,1527
2025-04-08,5705,508,14.55,0,1486.130005,1525
2025-04-09,5737,455,12.9,0,1443.949951,1522
2025-04-10,5742,518,12.25,1,1452.040039,1520
2025-04-11,5716,507,14.15,0,1452.040039,1517
2025-04-12,5716,327,14.05,14.8,1452.040039,1515
2025-04-13,5716,327,7.55,1,1419.050049,1514
2025-04-14,5719,428,8,1,1419.420044,1513
2025-04-15,5718,450,10.25,0,1427.02002,1511
2025-04-16,5706,423,16.85,0,1414.22998,1509
2025-04-17,5374,396,19.1,0,1414.22998,1507
2025-04-18,5346,354,18,0.05,1414.22998,1505
2025-04-19,5346,302,16.35,4.25,1414.22998,1503
2025-04-20,5346,302,15,0,1414.22998,1503
2025-04-21,5295,486,16.9,0,1421.640015,1503
2025-04-22,5263,496,14.1,12.6,1429.219971,1501
2025-04-23,5259,394,12.3,0,1426.449951,1501
2025-04-24,5036,442,15.75,0,1430.060059,1501
2025-04-25,5011,440,13.9,0,1430.060059,1501
2025-04-26,5011,265,15.65,0,1430.060059,1500
2025-04-27,5011,265,17.9,0.95,1437.359985,1500
2025-04-28,4984,420,15.1,0,1435.880005,1501
2025-04-29,4954,466,13.35,0,1431.160034,1501
2025-04-30,4951,460,18.7,0,1423.75,1502
2025-05-01,4951,411,17.25,9.6,1435.099976,1505
2025-05-02,5081,467,13.95,0,1435.099976,1506
2025-05-03,5081,312,13.65,1.15,1435.099976,1506
2025-05-04,5081,312,14.8,0,1398.900024,1506
2025-05-05,5081,571,12.5,2.65,1374.369995,1507
2025-05-06,5081,496,12.3,0.65,1374.77002,1506
2025-05-07,5105,473,13.9,0,1397.290039,1506
2025-05-08,4572,405,16.9,0,1403.849976,1505
2025-05-09,4351,392,15.65,22.05,1403.849976,1504
2025-05-10,4351,323,13.6,0.05,1403.849976,1503
2025-05-11,4351,323,15.2,0.45,1395.170044,1503
2025-05-12,4296,472,18.6,0,1416.030029,1503
2025-05-13,4281,395,21.3,0,1416,1503
2025-05-14,4235,498,22.15,0,1407.329956,1503
2025-05-15,3620,572,21.95,0.65,1397.02002,1502
2025-05-16,3581,473,21.9,19,1397.02002,1502
2025-05-17,3581,315,20.35,3.55,1397.02002,1501
2025-05-18,3581,315,17.75,0,1398.130005,1501
2025-05-19,3537,458,20,0,1388.550049,1501
2025-05-20,3505,374,25.15,0.05,1392.72998,1501
2025-05-21,3454,421,20.8,0.1,1373.859985,1500
2025-05-22,3113,495,18.2,1.5,1381.339966,1500
2025-05-23,3191,388,16.65,0,1381.339966,1499
2025-05-24,3191,270,14.9,8.5,1381.339966,1498
2025-05-25,3191,270,16.35,0,1364.72998,1498
2025-05-26,3124,356,18.55,0,1368.099976,1498
2025-05-27,3084,427,19.3,0,1374.800049,1498
2025-05-28,3078,359,18.05,0.05,1373.599976,1497
2025-05-29,3080,347,18.3,0,1370.410034,1496
2025-05-30,3061,324,17.75,0,1370.410034,1496
2025-05-31,3061,305,18.6,0,1370.410034,1494
2025-06-01,3061,305,18.8,0,1381.98999,1494
2025-06-02,3051,381,18.6,2.75,1376.069946,1494
2025-06-03,3051,404,20.7,0,1377.719971,1493
2025-06-04,3080,314,20.4,0,1361.089966,1493
2025-06-05,3251,405,22.3,0,1354.550049,1492
2025-06-06,3251,382,24.8,0,1354.550049,1491
2025-06-07,3251,331,24.35,0,1354.550049,1491
2025-06-08,3251,331,23.65,0,1359.189941,1490
2025-06-09,3314,353,24.05,0,1353.849976,1491
2025-06-10,3283,387,24.8,0,1363.880005,1490
2025-06-11,3276,317,23.95,0,1365.689941,1490
2025-06-12,3327,280,22.9,0,1349.790039,1489
2025-06-13,3388,297,22.35,12.95,1349.790039,1490
2025-06-14,3388,281,23.55,48,1349.790039,1491
2025-06-15,3388,281,22.2,6.15,1365.140015,1492
2025-06-16,3530,754,23.25,5.95,1357.780029,1495
2025-06-17,3567,327,25.35,0,1380.5,1498
2025-06-18,3596,533,25.55,0,1370.75,1500
2025-06-19,3487,400,27.45,0,1374.890015,1504
2025-06-20,3491,334,27,0.9,1374.890015,1508
2025-06-21,3491,292,24,18.35,1374.890015,1513
2025-06-22,3491,292,25.1,0.15,1369.469971,1516
2025-06-23,3520,551,24.55,0,1361.939941,1524
2025-06-24,3549,507,22.15,3.05,1353.780029,1531
2025-06-25,3569,542,21.4,0.95,1357.030029,1532
2025-06-26,3679,269,23,0,1352.76001,1532
2025-06-27,3700,505,26.55,0,1352.76001,1532
2025-06-28,3700,378,26.05,2.95,1352.76001,1531
2025-06-29,3700,378,28.6,0.05,1363.589966,1531
2025-06-30,3711,409,30,0,1348.5,1531
2025-07-01,3692,545,30.25,0,1355.589966,1531
2025-07-02,3688,335,30.45,0,1354.75,1531
2025-07-03,3320,541,29.75,0,1357.099976,1530
2025-07-04,3381,373,28.7,0,1357.099976,1530
2025-07-05,3381,219,29.95,0,1357.099976,1530
2025-07-06,3381,219,30.4,0,1362.199951,1529
2025-07-07,3581,447,29.6,0,1374.640015,1530
2025-07-08,3727,562,27.7,0,1370.300049,1530
2025-07-09,3740,324,27.6,0,1373,1530
2025-07-10,3983,328,27.05,0,1372.640015,1530
2025-07-11,4309,292,27.05,0,1372.640015,1530
2025-07-12,4309,337,26.6,0,1372.640015,1530
2025-07-13,4309,337,25.2,52.2,1378.170044,1530
2025-07-14,4365,558,22.85,17.05,1382.01001,1531
2025-07-15,4569,405,23.75,19.85,1386.449951,1531
2025-07-16,4805,448,25.55,4.65,1384.920044,1530
2025-07-17,4853,461,25.5,8.55,1391.579956,1531
2025-07-18,4950,394,25.3,11.85,1391.579956,1530
2025-07-19,4950,387,27.25,19.45,1391.579956,1530
2025-07-20,4950,387,28.2,4.15,1390.569946,1530
2025-07-21,5240,537,29.65,6.15,1381.819946,1531
2025-07-22,5278,695,29.7,0,1379.780029,1531
2025-07-23,5315,564,29.15,0,1373.719971,1532
2025-07-24,5150,585,29.5,0,1372,1532
2025-07-25,5436,454,30.2,0,1372,1533
2025-07-26,5436,396,31,0,1372,1532
2025-07-27,5436,396,31.6,0,1382.780029,1532
2025-07-28,5439,443,30.85,0,1388.290039,1533
2025-07-29,5445,421,28.75,0,1388.859985,1534
2025-07-30,5479,352,28.55,0,1392.52002,1534
2025-07-31,6013,604,28.85,0,1391.51001,1535
2025-08-01,6114,451,28.7,0,1391.51001,1536
2025-08-02,6114,451,29.15,0,1391.51001,1536
2025-08-03,6114,451,28.95,1.95,1390.180054,1537
2025-08-04,6222,476,27.35,0.95,1383.589966,1537
2025-08-05,6349,375,28.25,1.15,1386.579956,1538
2025-08-06,6442,470,27.45,16.55,1384.390015,1538
2025-08-07,6541,459,27.15,3.1,1384.969971,1539
2025-08-08,6674,482,26.05,0,1384.969971,1539
2025-08-09,6674,405,24.75,27.5,1384.969971,1538
2025-08-10,6674,405,26.1,32.25,1387.810059,1538
2025-08-11,6644,568,24.45,14.3,1389.790039,1538
2025-08-12,6852,627,25.35,26.75,1383.089966,1538
2025-08-13,6871,502,26.3,2.45,1378.780029,1537
2025-08-14,7023,377,28.3,2.2,1387.869995,1537
2025-08-15,7023,398,28.5,0,1387.869995,1536
2025-08-16,7023,352,29.15,0,1387.869995,1536
2025-08-17,7023,352,29.15,0,1387.97998,1536
2025-08-18,7062,588,29.2,0,1386.910034,1536
2025-08-19,7019,543,30,0,1391.339966,1535
2025-08-20,6987,443,30.15,0,1396.910034,1534
2025-08-21,6678,475,29.5,0,1399.609985,1534
2025-08-22,6590,417,30.1,0,1399.609985,1533
2025-08-23,6590,428,29.5,0,1399.609985,1532
2025-08-24,6590,428,29.65,0,1382.890015,1532
2025-08-25,6613,488,30.2,0,1389.050049,1533
2025-08-26,6601,505,29.1,0.75,1393.949951,1532
2025-08-27,6571,392,27.65,0,1392.75,1532
2025-08-28,6527,333,28,0,1384.410034,1532
2025-08-29,6671,509,30.3,0,1384.410034,1531
2025-08-30,6671,478,28.6,0,1384.410034,1531
2025-08-31,6671,478,28,0,1388.839966,1530
2025-09-01,6669,493,28.9,1.2,1392.939941,1531
2025-09-02,6665,500,26.35,3.2,1394.569946,1530
2025-09-03,6675,351,26.55,0,1389.630005,1530
2025-09-04,6723,491,25.8,1.05,1392.060059,1530
2025-09-05,6701,625,26.9,0,1392.060059,1530
2025-09-06,6701,506,28.85,0.9,1392.060059,1529
2025-09-07,6701,506,26.1,4.45,1385.51001,1529
2025-09-08,6989,537,25.4,9.55,1385.719971,1530
2025-09-09,7106,788,22.8,11.9,1387.25,1530
2025-09-10,7033,796,23.8,1.7,1387.199951,1530
2025-09-11,7021,621,24.45,0,1389.5,1530
2025-09-12,7015,706,24.55,4.3,1389.5,1530
2025-09-13,7015,407,23.55,71.2,1389.5,1529
2025-09-14,7015,407,24.85,0.05,1393.699951,1529
2025-09-15,6336,623,26.25,1.25,1385.01001,1530
2025-09-16,6206,826,27.35,0.55,1377.640015,1530
2025-09-17,6097,643,24.25,48.05,1378.689941,1530
2025-09-18,6375,401,22.05,6.15,1386.75,1530
2025-09-19,6320,531,21.75,2.6,1386.75,1530
2025-09-20,6320,733,20.6,49.3,1386.75,1530
2025-09-21,6320,733,20.6,5.05,1396.22998,1530
2025-09-22,6129,667,21.2,0,1389.390015,1531
2025-09-23,6064,561,21.95,0,1391.849976,1531
2025-09-24,6139,768,24.55,0.1,1403.650024,1531
2025-09-25,6035,743,23.9,18.25,1408.920044,1531
2025-09-26,6074,731,23.1,1,1408.920044,1531
2025-09-27,6074,1060,22,2.1,1408.920044,1531
2025-09-28,6074,1060,21.65,9.25,1408.709961,1531
2025-09-29,6104,763,20.4,0,1399.329956,1532
2025-09-30,6094,746,19.4,0,1403.150024,1533
2025-10-01,6208,814,21.05,0,1401.819946,1533
2025-10-02,6265,1040,20.3,4.8,1405.630005,1534
2025-10-03,6265,901,19.65,22.75,1405.630005,1534
2025-10-04,6265,298,21.65,0.15,1405.630005,1535
2025-10-05,6265,298,21.75,6.8,1406.060059,1535
2025-10-06,6265,298,20.6,38.75,1409.920044,1535
2025-10-07,6265,298,20.9,16.85,1414.569946,1535
2025-10-08,6265,298,20.95,1.65,1422.52002,1535
2025-10-09,6265,1172,20.3,1.9,1421.51001,1535
2025-10-10,7606,1085,19.45,3.35,1421.51001,1536
2025-10-11,7606,697,20.1,2.1,1421.51001,1535
2025-10-12,7606,697,19.7,12.05,1429.030029,1535
2025-10-13,6791,554,19.15,28.15,1426.069946,1536
2025-10-14,6556,500,18.35,22.35,1429.430054,1535
2025-10-15,6422,541,19.45,13.8,1420.089966,1535
2025-10-16,5908,833,19.4,43.05,1415.719971,1535
2025-10-17,5783,721,19.6,5.7,1415.719971,1535
2025-10-18,5783,899,17.2,23.2,1415.719971,1534
2025-10-19,5783,899,16.9,2.3,1419.73999,1534
2025-10-20,5724,781,12.35,24.9,1419.73999,1534
2025-10-21,5661,709,12.3,0.6,1430.73999,1534
2025-10-22,5599,717,12.9,8.15,1430.400024,1534
2025-10-23,5581,704,14.85,8.7,1435.839966,1534
2025-10-24,5575,672,14.1,16.65,1435.839966,1535
2025-10-25,5575,448,14.2,0,1435.839966,1536
2025-10-26,5575,448,14.85,0,1435.839966,1536
2025-10-27,5432,575,11.05,0.25,1436.969971,1539
2025-10-28,5456,643,9.15,0,1430.969971,1541
2025-10-29,5311,594,10.35,0,1425.969971,1543
2025-10-30,4040,473,14,0,1424.01001,1546
2025-10-31,4015,527,13.95,1.05,1424.02002,1549
2025-11-01,4015,527,14.3,0.4,1424.02002,1557
2025-11-02,4015,527,11.55,0.8,1424.02002,1559
2025-11-03,3986,949,9.05,0,1427.170044,1563
2025-11-04,3991,737,12,0,1428.969971,1568
2025-11-05,3957,630,12.05,0,1439.810059,1572
2025-11-06,3438,759,12.2,0,1439.73999,1576
2025-11-07,3517,659,13.4,1.85,1447.900024,1580
2025-11-08,3517,696,13.75,10.4,1447.900024,1584
2025-11-09,3517,696,14.7,0.8,1447.900024,1585
2025-11-10,3550,878,11.1,0,1454,1591
2025-11-11,3506,1105,9.8,0,1456.089966,1597
2025-11-12,3447,969,10.05,0,1459.839966,1604
2025-11-13,3392,918,12.9,0,1468.02002,1611
2025-11-14,3369,1112,11,0,1468.709961,1617
2025-11-15,3369,1143,9.7,0,1468.709961,1622
2025-11-16,3369,1143,12.95,0,1468.709961,1625
2025-11-17,3064,992,9,0,1446.530029,1631
2025-11-18,3380,1152,5.55,0.05,1461.689941,1636
2025-11-19,3438,942,6.3,0.75,1456.550049,1641
2025-11-20,3675,960,9.35,0,1466.130005,1646
2025-11-21,3720,1019,8.85,0,1473.25,1651
2025-11-22,3720,1165,9.4,0,1473.25,1654
2025-11-23,3720,1165,10.65,0,1473.25,1656
2025-11-24,3788,1139,12.2,0,1467.72998,1659
2025-11-25,3799,1072,9.05,3.05,1474.859985,1661
2025-11-26,3848,984,8.3,0.15,1464.920044,1662
2025-11-27,4249,1038,8.2,2.95,1470.589966,1662
2025-11-28,4288,1133,5.85,0,1461.400024,1663
2025-11-29,4288,962,8.65,0,1461.400024,1662
2025-11-30,4288,962,13.2,0,1461.400024,1662
2025-12-01,4378,1011,9.8,0,1465.619995,1663
2025-12-02,4602,828,5.25,0,1470.170044,1662
2025-12-03,4611,783,-0.7,0.45,1467.359985,1662
2025-12-04,4750,656,1.5,0,1465.030029,1662
2025-12-05,4750,711,2.05,0,1472.380005,1662
2025-12-06,4750,909,4.75,0,1472.380005,1661
2025-12-07,4750,909,9.65,0,1472.380005,1661
2025-12-08,4656,797,7.25,0,1471.810059,1661
2025-12-09,4643,589,4.4,0,1468.51001,1660
2025-12-10,4668,438,7.6,0,1467.930054,1659
2025-12-11,4605,623,8.6,3.7,1469.040039,1658
2025-12-12,4842,654,3.55,0.15,1470.849976,1657
2025-12-13,4842,6,5.5,6.65,1470.849976,1655
2025-12-14,4842,6,3.85,0.4,1470.849976,1655
2025-12-15,4710,477,3.95,0,1472.910034,1654
2025-12-16,4694,468,6.95,0,1467.47998,1653
2025-12-17,4644,441,6.1,0.9,1471.73999,1651
2025-12-18,4964,329,4.35,0,1474,1649
2025-12-19,4939,362,9.5,0,1474.359985,1647
2025-12-20,4939,369,11.25,0.15,1474.359985,1645
2025-12-21,4939,369,3.55,0,1474.359985,1644
2025-12-22,4946,413,1.25,0,1473.719971,1643
2025-12-23,4916,394,7.95,0.9,1476.839966,1641
2025-12-24,4866,420,6.5,1.6,1478.670044,1640
2025-12-25,4866,279,1.8,0.05,1478.670044,1638
2025-12-26,4771,312,-3.6,0.1,1446.52002,1637
2025-12-27,4771,151,0,0,1446.52002,1636
2025-12-28,4771,151,4.4,0.1,1446.52002,1636
2025-12-29,4771,204,7.2,0,1441.329956,1634
2025-12-30,4771,452,3.35,0,1434.709961,1633
2025-12-31,4808,330,-1.4,0,1437.910034,1631
2026-01-01,4808,330,-3.5,0.1,1437.910034,1629
2026-01-02,4937,330,-2.55,0.75,1443.640015,1628
2026-01-03,4937,335,0.35,0,1443.640015,1626
2026-01-04,4937,335,2.95,0,1443.640015,1625
2026-01-05,5011,334,2.35,0,1440.47998,1623
2026-01-06,4965,448,1.85,0,1445.560059,1620
2026-01-07,4966,422,2.55,0,1444.959961,1616
2026-01-08,4927,371,-1.1,0,1446.140015,1613
2026-01-09,4917,311,2.9,0,1450.079956,1610
2026-01-10,4917,175,4.8,1.55,1450.079956,1607
2026-01-11,4917,175,-3.4,2.45,1450.079956,1606
2026-01-12,4899,322,1.2,0,1455.23999,1604
2026-01-13,4870,429,2.05,0,1464.930054,1601
2026-01-14,4878,381,2.25,0,1473.01001,1599
2026-01-15,4878,346,9.85,0.15,1462.900024,1597
2026-01-16,4876,421,6.6,0,1468.839966,1595
2026-01-17,4876,272,3.9,0,1468.839966,1593
2026-01-18,4876,272,3.4,0.05,1468.839966,1592
2026-01-19,4861,387,1.65,0.1,1471.579956,1591
2026-01-20,4844,345,-2.35,0,1471.52002,1589
2026-01-21,4844,247,-3.9,0,1477.780029,1588
2026-01-22,4805,176,-5,0.05,1464.829956,1587
2026-01-23,4823,353,-1.4,0,1463.26001,1586
2026-01-24,4823,91,-0.85,0,1463.26001,1585
2026-01-25,4823,91,-2.35,0,1463.26001,1584
2026-01-26,4821,421,-1.3,0,1444.810059,1584
2026-01-27,4824,384,0.45,0,1440.97998,1583
2026-01-28,4812,379,-1.4,0,1432.51001,1583
2026-01-29,4918,463,-1.35,0,1429.27002,1582
2026-01-30,4912,282,-2.6,0,1428.76001,1582
2026-01-31,4912,225,-0.6,0,1428.76001,1582
2026-02-01,4912,225,-0.5,0,1428.76001,1581
2026-02-02,4635,358,-0.6,0.65,1448.800049,1582
2026-02-03,4637,381,2.35,0,1452.540039,1581
2026-02-04,4639,438,4.2,0,1446.680054,1581
2026-02-05,4641,365,7.2,0,1460.109985,1581
2026-02-06,4634,486,-0.05,0,1470.680054,1581
2026-02-07,4634,358,-3,0.4,1470.680054,1581
2026-02-08,4634,358,-4.35,1.15,1470.680054,1581
2026-02-09,4739,308,1,0,1462.400024,1582
2026-02-10,4770,392,3.5,1.3,1458.540039,1582
2026-02-11,4776,364,4.8,0,1455.329956,1583
2026-02-12,4896,565,4.2,0,1444.189941,1584
2026-02-13,4900,628,6.4,0,1440.900024,1585
2026-02-14,4900,294,9,0,1440.900024,1586
2026-02-15,4900,294,7.75,0,1440.900024,1586
2026-02-16,4900,72,1.9,11.05,1439.52002,1587
2026-02-17,4900,72,3.3,0,1440.22998,1587
2026-02-18,4900,72,2.45,0,1439.969971,1587
2026-02-19,4954,72,4.05,0,1440.160034,1588
2026-02-20,4924,438,7.2,0,1447.75,1589
2026-02-21,4924,384,11.75,0,1447.75,1590
2026-02-22,4924,384,11.65,0,1447.75,1591
2026-02-23,5013,393,5.4,0,1443.439941,1593
2026-02-24,5110,374,3.75,14.35,1442.199951,1594
2026-02-25,5119,279,5.55,0,1439.98999,1595
2026-02-26,5170,360,8.1,0.45,1426.930054,1596
2026-02-27,5198,381,7.3,3.15,1432.319946,1597
2026-02-28,5198,295,6.55,0,1432.319946,1597
2026-03-01,5198,295,7.7,1.8,1432.319946,1600
2026-03-02,5198,538,5.9,23.1,1438.5,1607
2026-03-03,5196,433,5.6,13.75,1452.27002,1634
2026-03-04,5192,276,5.2,0,1483.069946,1728
2026-03-05,5011,390,6.9,1.45,1460.75,1830
2026-03-06,5007,433,4.8,2.1,1479.51001,1887
2026-03-07,5007,433,2.95,0,1479.51001,1910
2026-03-08,5007,433,3.3,0,1479.51001,1917
2026-03-09,4998,417,3.85,0,1483.890015,1926
2026-03-10,4966,350,3.8,0,1464.469971,1931
2026-03-11,4956,339,4.9,0,1472.780029,1927
2026-03-12,4829,324,4.45,6.45,1475.339966,1918
2026-03-13,4780,277,4.5,1.3,1470.579956,1872
2026-03-14,4780,285,6.15,0,1470.579956,1847
2026-03-15,4780,285,6.25,0,1470.579956,1841
2026-03-16,4787,398,6.95,0,1501.75,1831
2026-03-17,4783,364,8.65,0,1488.910034,1825
2026-03-18,4844,378,8,9.9,1484.869995,1821
2026-03-19,4767,395,7.9,0,1505.25,1819
2026-03-20,4747,377,8.2,0,1489.839966,1817
2026-03-21,4747,245,8.45,0,1489.839966,1816
2026-03-22,4747,245,11.1,0,1489.839966,1816
2026-03-23,4756,489,9.8,0,1504.209961,1816
2026-03-24,4753,508,11.3,0,1485.359985,1815
2026-03-25,4737,355,11.05,2.7,1497.310059,1815
2026-03-26,4595,309,11.35,0,1500.969971,1815
2026-03-27,4593,422,12.5,0,1508.359985,1834
2026-03-28,4593,183,10.7,0,1508.359985,1849
2026-03-29,4593,183,11.95,0,1507.02002,1857
2026-03-30,4601,382,13.8,14.65,1516.130005,1873
2026-03-31,4592,423,11.35,17.95,1503.329956,1886
2026-04-01,4560,394,12.05,0.4,1512.089966,1901
2026-04-02,4578,368,12.2,0,1509.219971,1912
2026-04-03,4573,343,15.5,4.9,1509.219971,1923
2026-04-04,4573,343,13,19.35,1509.219971,1933
2026-04-05,4573,343,12.4,0,1509.26001,1939
2026-04-06,4549,556,13.8,2.05,1507.849976,1949
2026-04-07,4518,405,9.65,0,1499.130005,1959
2026-04-08,4497,353,12.05,0,1477.599976,1969
2026-04-09,4482,381,14.05,30.95,1473.280029,1977
2026-04-10,4598,288,11.9,3.1,1473.280029,1982
2026-04-11,4598,147,14.3,0,1473.280029,1985
2026-04-12,4598,147,15.6,0.35,1482.180054,1986
2026-04-13,4647,398,16.25,0.35,1476.839966,1988
2026-04-14,4642,367,14.05,0,1469.420044,1990
2026-04-15,4628,389,14.45,0,1474.060059,1992
2026-04-16,4379,419,14.1,0,1477.920044,1993
2026-04-17,4374,375,14.25,4.2,1477.920044,1994
2026-04-18,4374,190,18.95,0.2,1477.920044,1995
2026-04-19,4374,190,17.35,0.8,1465.150024,1995
2026-04-20,4328,410,15.6,0,1469.26001,1996
2026-04-21,4276,440,14.85,0,1485.800049,1997
2026-04-22,4200,355,15.55,0.75,1477.959961,1998
2026-04-23,4144,385,14.2,0.55,1479.949951,1999
2026-04-24,4194,345,13.55,0,1479.949951,2000
2026-04-25,4293,259,16.4,0,1479.949951,2001
2026-04-26,4354,259,18.1,0,1474.689941,2001
