Date,Price
2020.12.31,2430.0
2021.01.01,2430.0
2021.01.02,2430.0
2021.01.03,2430.0
2021.01.04,2456.0
2021.01.05,2465.0
2021.01.06,2493.0
2021.01.07,2519.0
2021.01.08,2521.0
2021.01.09,2521.0
2021.01.10,2521.0
2021.01.11,2541.0
2021.01.12,2547.0
2021.01.13,2575.0
2021.01.14,2748.0
2021.01.15,2791.0
2021.01.16,2791.0
2021.01.17,2791.0
2021.01.18,2844.0
2021.01.19,2922.0
2021.01.20,2937.0
2021.01.21,3127.0
2021.01.22,3137.0
2021.01.23,3137.0
2021.01.24,3137.0
2021.01.25,3163.0
2021.01.26,3163.0
2021.01.27,3163.0
2021.01.28,3242.0
2021.01.29,3313.0
2021.01.30,3313.0
2021.01.31,3313.0
2021.02.01,3320.0
2021.02.02,3311.0
2021.02.03,3313.0
2021.02.04,3313.0
2021.02.05,3315.0
2021.02.06,3315.0
2021.02.07,3315.0
2021.02.08,3341.0
2021.02.09,3336.0
2021.02.10,3343.0
2021.02.11,3343.0
2021.02.12,3343.0
2021.02.13,3343.0
2021.02.14,3343.0
2021.02.15,3349.0
2021.02.16,3343.0
2021.02.17,3314.0
2021.02.18,3338.0
2021.02.19,3328.0
2021.02.20,3328.0
2021.02.21,3328.0
2021.02.22,3393.0
2021.02.23,3431.0
2021.02.24,3436.0
2021.02.25,3471.0
2021.02.26,3456.0
2021.02.27,3456.0
2021.02.28,3456.0
2021.03.01,3456.0
2021.03.02,3459.0
2021.03.03,3473.0
2021.03.04,3506.0
2021.03.05,3515.0
2021.03.06,3515.0
2021.03.07,3515.0
2021.03.08,3515.0
2021.03.09,3511.0
2021.03.10,3496.0
2021.03.11,3577.0
2021.03.12,3563.0
2021.03.13,3563.0
2021.03.14,3563.0
2021.03.15,3567.0
2021.03.16,3563.0
2021.03.17,3537.0
2021.03.18,3553.0
2021.03.19,3557.0
2021.03.20,3557.0
2021.03.21,3557.0
2021.03.22,3581.0
2021.03.23,3576.0
2021.03.24,3588.0
2021.03.25,3574.0
2021.03.26,3549.0
2021.03.27,3549.0
2021.03.28,3549.0
2021.03.29,3515.0
2021.03.30,3491.0
2021.03.31,3469.0
2021.04.01,3467.0
2021.04.02,3473.0
2021.04.03,3473.0
2021.04.04,3473.0
2021.04.05,3493.0
2021.04.06,3493.0
2021.04.07,3438.0
2021.04.08,3306.0
2021.04.09,3334.0
2021.04.10,3334.0
2021.04.11,3334.0
2021.04.12,3124.0
2021.04.13,2993.0
2021.04.14,2933.0
2021.04.15,2766.0
2021.04.16,2684.0
2021.04.17,2684.0
2021.04.18,2684.0
2021.04.19,2670.0
2021.04.20,2640.0
2021.04.21,2634.0
2021.04.22,2539.0
2021.04.23,2510.0
2021.04.24,2510.0
2021.04.25,2510.0
2021.04.26,2485.0
2021.04.27,2474.0
2021.04.28,2492.0
2021.04.29,2273.0
2021.04.30,2245.0
2021.05.01,2245.0
2021.05.02,2245.0
2021.05.03,2247.0
2021.05.04,2237.0
2021.05.05,2237.0
2021.05.06,2170.0
2021.05.07,2163.0
2021.05.08,2163.0
2021.05.09,2163.0
2021.05.10,2145.0
2021.05.11,2142.0
2021.05.12,2133.0
2021.05.13,2095.0
2021.05.14,2100.0
2021.05.15,2100.0
2021.05.16,2100.0
2021.05.17,2090.0
2021.05.18,2097.0
2021.05.19,2097.0
2021.05.20,2025.0
2021.05.21,2000.0
2021.05.22,2000.0
2021.05.23,2000.0
2021.05.24,2006.0
2021.05.25,2007.0
2021.05.26,2004.0
2021.05.27,1967.0
2021.05.28,1978.0
2021.05.29,1978.0
2021.05.30,1978.0
2021.05.31,2000.0
2021.06.01,1992.0
2021.06.02,1985.0
2021.06.03,1940.0
2021.06.04,1940.0
2021.06.05,1940.0
2021.06.06,1940.0
2021.06.07,1946.0
2021.06.08,1940.0
2021.06.09,1938.0
2021.06.10,1905.0
2021.06.11,1905.0
2021.06.12,1905.0
2021.06.13,1905.0
2021.06.14,1919.0
2021.06.15,1921.0
2021.06.16,1917.0
2021.06.17,1921.0
2021.06.18,1922.0
2021.06.19,1922.0
2021.06.20,1922.0
2021.06.21,1925.0
2021.06.22,1920.0
2021.06.23,1916.0
2021.06.24,1965.0
2021.06.25,1965.0
2021.06.26,1965.0
2021.06.27,1965.0
2021.06.28,1965.0
2021.06.29,1958.0
2021.06.30,1956.0
2021.07.01,1965.0
2021.07.02,1965.0
2021.07.03,1965.0
2021.07.04,1965.0
2021.07.05,1954.0
2021.07.06,1956.0
2021.07.07,1956.0
2021.07.08,1965.0
2021.07.09,1972.0
2021.07.10,1972.0
2021.07.11,1972.0
2021.07.12,1972.0
2021.07.13,1972.0
2021.07.14,1972.0
2021.07.15,1965.0
2021.07.16,1950.0
2021.07.17,1950.0
2021.07.18,1950.0
2021.07.19,1949.0
2021.07.20,1948.0
2021.07.21,1947.0
2021.07.22,1893.0
2021.07.23,1890.0
2021.07.24,1890.0
2021.07.25,1890.0
2021.07.26,1898.0
2021.07.27,1898.0
2021.07.28,1898.0
2021.07.29,1868.0
2021.07.30,1870.0
2021.07.31,1870.0
2021.08.01,1870.0
2021.08.02,1867.0
2021.08.03,1867.0
2021.08.04,1864.0
2021.08.05,1919.0
2021.08.06,1921.0
2021.08.07,1921.0
2021.08.08,1921.0
2021.08.09,1912.0
2021.08.10,1913.0
2021.08.11,1931.0
2021.08.12,1893.0
2021.08.13,1905.0
2021.08.14,1905.0
2021.08.15,1905.0
2021.08.16,1905.0
2021.08.17,1909.0
2021.08.18,1909.0
2021.08.19,1996.0
2021.08.20,2002.0
2021.08.21,2002.0
2021.08.22,2002.0
2021.08.23,2010.0
2021.08.24,2010.0
2021.08.25,2006.0
2021.08.26,2036.0
2021.08.27,2035.0
2021.08.28,2035.0
2021.08.29,2035.0
2021.08.30,2035.0
2021.08.31,2032.0
2021.09.01,2034.0
2021.09.02,2042.0
2021.09.03,2042.0
2021.09.04,2042.0
2021.09.05,2042.0
2021.09.06,2046.0
2021.09.07,2045.0
2021.09.08,2047.0
2021.09.09,2039.0
2021.09.10,2043.0
2021.09.11,2043.0
2021.09.12,2043.0
2021.09.13,2043.0
2021.09.14,2049.0
2021.09.15,2052.0
2021.09.16,2066.0
2021.09.17,2063.0
2021.09.18,2063.0
2021.09.19,2063.0
2021.09.20,2063.0
2021.09.21,2063.0
2021.09.22,2063.0
2021.09.23,2067.0
2021.09.24,2059.0
2021.09.25,2059.0
2021.09.26,2059.0
2021.09.27,2073.0
2021.09.28,2073.0
2021.09.29,2075.0
2021.09.30,2083.0
2021.10.01,2083.0
2021.10.02,2083.0
2021.10.03,2083.0
2021.10.04,2083.0
2021.10.05,2083.0
2021.10.06,2091.0
2021.10.07,2087.0
2021.10.08,1987.0
2021.10.09,1987.0
2021.10.10,1987.0
2021.10.11,1987.0
2021.10.12,2088.0
2021.10.13,2072.0
2021.10.14,2112.0
2021.10.15,2100.0
2021.10.16,2100.0
2021.10.17,2100.0
2021.10.18,2132.0
2021.10.19,2127.0
2021.10.20,2128.0
2021.10.21,2134.0
2021.10.22,2134.0
2021.10.23,2134.0
2021.10.24,2134.0
2021.10.25,2134.0
2021.10.26,2134.0
2021.10.27,2133.0
2021.10.28,2122.0
2021.10.29,2126.0
2021.10.30,2126.0
2021.10.31,2126.0
2021.11.01,2127.0
2021.11.02,2116.0
2021.11.03,2116.0
2021.11.04,2098.0
2021.11.05,2096.0
2021.11.06,2096.0
2021.11.07,2096.0
2021.11.08,2096.0
2021.11.09,2096.0
2021.11.10,2096.0
2021.11.11,2095.0
2021.11.12,2089.0
2021.11.13,2089.0
2021.11.14,2089.0
2021.11.15,2089.0
2021.11.16,2089.0
2021.11.17,2089.0
2021.11.18,2139.0
2021.11.19,2146.0
2021.11.20,2146.0
2021.11.21,2146.0
2021.11.22,2136.0
2021.11.23,2136.0
2021.11.24,2142.0
2021.11.25,2148.0
2021.11.26,2145.0
2021.11.27,2145.0
2021.11.28,2145.0
2021.11.29,2133.0
2021.11.30,2136.0
2021.12.01,2143.0
2021.12.02,2145.0
2021.12.03,2145.0
2021.12.04,2145.0
2021.12.05,2145.0
2021.12.06,2150.0
2021.12.07,2150.0
2021.12.08,2150.0
2021.12.09,2149.0
2021.12.10,2145.0
2021.12.11,2145.0
2021.12.12,2145.0
2021.12.13,2145.0
2021.12.14,2145.0
2021.12.15,2145.0
2021.12.16,2148.0
2021.12.17,2135.0
2021.12.18,2135.0
2021.12.19,2135.0
2021.12.20,2128.0
2021.12.21,2128.0
2021.12.22,2128.0
2021.12.23,2126.0
2021.12.24,2124.0
2021.12.25,2124.0
2021.12.26,2124.0
2021.12.27,2132.0
2021.12.28,2132.0
2021.12.29,2132.0
2021.12.30,2130.0
2021.12.31,2130.0
2022.01.01,2130.0
2022.01.02,2130.0
2022.01.03,2130.0
2022.01.04,2130.0
2022.01.05,2109.0
2022.01.06,2118.0
2022.01.07,2118.0
2022.01.08,2118.0
2022.01.09,2118.0
2022.01.10,2115.0
2022.01.11,2109.0
2022.01.12,2107.0
2022.01.13,2047.0
2022.01.14,2046.0
2022.01.15,2046.0
2022.01.16,2046.0
2022.01.17,2060.0
2022.01.18,2072.0
2022.01.19,2085.0
2022.01.20,2094.0
2022.01.21,2094.0
2022.01.22,2094.0
2022.01.23,2094.0
2022.01.24,2091.0
2022.01.25,2084.0
2022.01.26,2080.0
2022.01.27,2026.0
2022.01.28,1953.0
2022.01.29,1953.0
2022.01.30,1953.0
2022.01.31,1953.0
2022.02.01,1953.0
2022.02.02,1953.0
2022.02.03,1910.0
2022.02.04,1920.0
2022.02.05,1920.0
2022.02.06,1920.0
2022.02.07,1966.0
2022.02.08,1966.0
2022.02.09,1966.0
2022.02.10,2069.0
2022.02.11,1997.0
2022.02.12,1997.0
2022.02.13,1997.0
2022.02.14,2055.0
2022.02.15,2088.0
2022.02.16,2071.0
2022.02.17,2052.0
2022.02.18,2047.0
2022.02.19,2047.0
2022.02.20,2047.0
2022.02.21,2059.0
2022.02.22,1890.0
2022.02.23,1995.0
2022.02.24,2006.0
2022.02.25,1998.0
2022.02.26,1998.0
2022.02.27,1998.0
2022.02.28,1992.0
2022.03.01,1992.0
2022.03.02,1964.0
2022.03.03,1983.0
2022.03.04,1988.0
2022.03.05,1988.0
2022.03.06,1988.0
2022.03.07,1995.0
2022.03.08,1991.0
2022.03.09,1991.0
2022.03.10,1933.0
2022.03.11,1933.0
2022.03.12,1933.0
2022.03.13,1933.0
2022.03.14,1933.0
2022.03.15,1929.0
2022.03.16,1914.0
2022.03.17,1872.0
2022.03.18,1804.0
2022.03.19,1804.0
2022.03.20,1804.0
2022.03.21,1834.0
2022.03.22,1825.0
2022.03.23,1795.0
2022.03.24,1865.0
2022.03.25,1862.0
2022.03.26,1862.0
2022.03.27,1862.0
2022.03.28,1891.0
2022.03.29,1887.0
2022.03.30,1882.0
2022.03.31,1878.0
2022.04.01,1872.0
2022.04.02,1872.0
2022.04.03,1872.0
2022.04.04,1832.0
2022.04.05,1849.0
2022.04.06,1830.0
2022.04.07,1829.0
2022.04.08,1812.0
2022.04.09,1812.0
2022.04.10,1812.0
2022.04.11,1833.0
2022.04.12,1850.0
2022.04.13,1822.0
2022.04.14,1767.0
2022.04.15,1769.0
2022.04.16,1769.0
2022.04.17,1769.0
2022.04.18,1922.0
2022.04.19,1965.0
2022.04.20,1907.0
2022.04.21,1964.0
2022.04.22,1973.0
2022.04.23,1973.0
2022.04.24,1973.0
2022.04.25,1995.0
2022.04.26,1987.0
2022.04.27,1987.0
2022.04.28,1934.0
2022.04.29,1937.0
2022.04.30,1937.0
2022.05.01,1937.0
2022.05.02,1936.0
2022.05.03,1940.0
2022.05.04,1942.0
2022.05.05,1942.0
2022.05.06,1976.0
2022.05.07,1976.0
2022.05.08,1976.0
2022.05.09,1959.0
2022.05.10,1964.0
2022.05.11,1956.0
2022.05.12,1900.0
2022.05.13,1900.0
2022.05.14,1900.0
2022.05.15,1900.0
2022.05.16,1890.0
2022.05.17,1886.0
2022.05.18,1912.0
2022.05.19,1885.0
2022.05.20,1881.0
2022.05.21,1881.0
2022.05.22,1881.0
2022.05.23,1840.0
2022.05.24,1834.0
2022.05.25,1834.0
2022.05.26,1822.0
2022.05.27,1820.0
2022.05.28,1820.0
2022.05.29,1820.0
2022.05.30,1818.0
2022.05.31,1820.0
2022.06.01,1820.0
2022.06.02,1894.0
2022.06.03,1902.0
2022.06.04,1902.0
2022.06.05,1902.0
2022.06.06,1902.0
2022.06.07,1935.0
2022.06.08,1964.0
2022.06.09,2144.0
2022.06.10,2146.0
2022.06.11,2146.0
2022.06.12,2146.0
2022.06.13,2158.0
2022.06.14,2155.0
2022.06.15,2133.0
2022.06.16,2248.0
2022.06.17,2213.0
2022.06.18,2213.0
2022.06.19,2213.0
2022.06.20,2257.0
2022.06.21,2268.0
2022.06.22,2298.0
2022.06.23,2386.0
2022.06.24,2427.0
2022.06.25,2427.0
2022.06.26,2427.0
2022.06.27,2453.0
2022.06.28,2433.0
2022.06.29,2454.0
2022.06.30,2454.0
2022.07.01,2368.0
2022.07.02,2368.0
2022.07.03,2368.0
2022.07.04,2410.0
2022.07.05,2489.0
2022.07.06,2489.0
2022.07.07,2543.0
2022.07.08,2519.0
2022.07.09,2519.0
2022.07.10,2519.0
2022.07.11,2519.0
2022.07.12,2517.0
2022.07.13,2525.0
2022.07.14,2533.0
2022.07.15,2526.0
2022.07.16,2526.0
2022.07.17,2526.0
2022.07.18,2533.0
2022.07.19,2533.0
2022.07.20,2545.0
2022.07.21,2560.0
2022.07.22,2557.0
2022.07.23,2557.0
2022.07.24,2557.0
2022.07.25,2433.0
2022.07.26,2595.0
2022.07.27,2594.0
2022.07.28,2577.0
2022.07.29,2601.0
2022.07.30,2601.0
2022.07.31,2601.0
2022.08.01,2612.0
2022.08.02,2612.0
2022.08.03,2625.0
2022.08.04,2581.0
2022.08.05,2581.0
2022.08.06,2581.0
2022.08.07,2581.0
2022.08.08,2576.0
2022.08.09,2575.0
2022.08.10,2576.0
2022.08.11,2440.0
2022.08.12,2446.0
2022.08.13,2446.0
2022.08.14,2446.0
2022.08.15,2446.0
2022.08.16,2395.0
2022.08.17,2395.0
2022.08.18,2487.0
2022.08.19,2500.0
2022.08.20,2500.0
2022.08.21,2500.0
2022.08.22,2503.0
2022.08.23,2524.0
2022.08.24,2529.0
2022.08.25,2553.0
2022.08.26,2555.0
2022.08.27,2555.0
2022.08.28,2555.0
2022.08.29,2563.0
2022.08.30,2572.0
2022.08.31,2578.0
2022.09.01,2602.0
2022.09.02,2602.0
2022.09.03,2602.0
2022.09.04,2602.0
2022.09.05,2602.0
2022.09.06,2602.0
2022.09.07,2593.0
2022.09.08,2604.0
2022.09.09,2604.0
2022.09.10,2604.0
2022.09.11,2604.0
2022.09.12,2604.0
2022.09.13,2617.0
2022.09.14,2613.0
2022.09.15,2630.0
2022.09.16,2618.0
2022.09.17,2618.0
2022.09.18,2618.0
2022.09.19,2592.0
2022.09.20,2611.0
2022.09.21,2633.0
2022.09.22,2623.0
2022.09.23,2638.0
2022.09.24,2638.0
2022.09.25,2638.0
2022.09.26,2639.0
2022.09.27,2631.0
2022.09.28,2637.0
2022.09.29,2639.0
2022.09.30,2641.0
2022.10.01,2641.0
2022.10.02,2641.0
2022.10.03,2641.0
2022.10.04,2628.0
2022.10.05,2630.0
2022.10.06,2636.0
2022.10.07,2647.0
2022.10.08,2647.0
2022.10.09,2647.0
2022.10.10,2647.0
2022.10.11,2651.0
2022.10.12,2660.0
2022.10.13,2645.0
2022.10.14,2651.0
2022.10.15,2651.0
2022.10.16,2651.0
2022.10.17,2645.0
2022.10.18,2650.0
2022.10.19,2665.0
2022.10.20,2684.0
2022.10.21,2680.0
2022.10.22,2680.0
2022.10.23,2680.0
2022.10.24,2710.0
2022.10.25,2710.0
2022.10.26,2714.0
2022.10.27,2752.0
2022.10.28,2759.0
2022.10.29,2759.0
2022.10.30,2759.0
2022.10.31,2760.0
2022.11.01,2760.0
2022.11.02,2760.0
2022.11.03,2755.0
2022.11.04,2745.0
2022.11.05,2745.0
2022.11.06,2745.0
2022.11.07,2745.0
2022.11.08,2745.0
2022.11.09,2748.0
2022.11.10,2781.0
2022.11.11,2781.0
2022.11.12,2781.0
2022.11.13,2781.0
2022.11.14,2785.0
2022.11.15,2785.0
2022.11.16,2795.0
2022.11.17,2825.0
2022.11.18,2825.0
2022.11.19,2825.0
2022.11.20,2825.0
2022.11.21,2812.0
2022.11.22,2812.0
2022.11.23,2817.0
2022.11.24,2830.0
2022.11.25,2830.0
2022.11.26,2830.0
2022.11.27,2830.0
2022.11.28,2830.0
2022.11.29,2839.0
2022.11.30,2839.0
2022.12.01,2782.0
2022.12.02,2782.0
2022.12.03,2782.0
2022.12.04,2782.0
2022.12.05,2774.0
2022.12.06,2774.0
2022.12.07,2780.0
2022.12.08,2831.0
2022.12.09,2831.0
2022.12.10,2831.0
2022.12.11,2831.0
2022.12.12,2829.0
2022.12.13,2847.0
2022.12.14,2857.0
2022.12.15,2850.0
2022.12.16,2853.0
2022.12.17,2853.0
2022.12.18,2853.0
2022.12.19,2867.0
2022.12.20,2876.0
2022.12.21,2846.0
2022.12.22,2922.0
2022.12.23,2922.0
2022.12.24,2922.0
2022.12.25,2922.0
2022.12.26,2922.0
2022.12.27,2924.0
2022.12.28,2924.0
2022.12.29,2941.0
2022.12.30,2932.0
2022.12.31,2932.0
2023.01.01,2932.0
2023.01.02,2935.0
2023.01.03,2932.0
2023.01.04,2932.0
2023.01.05,2852.0
2023.01.06,2849.0
2023.01.07,2849.0
2023.01.08,2849.0
2023.01.09,2870.0
2023.01.10,2844.0
2023.01.11,2844.0
2023.01.12,2794.0
2023.01.13,2763.0
2023.01.14,2763.0
2023.01.15,2763.0
2023.01.16,2760.0
2023.01.17,2760.0
2023.01.18,2748.0
2023.01.19,2710.0
2023.01.20,2750.0
2023.01.21,2750.0
2023.01.22,2750.0
2023.01.23,2750.0
2023.01.24,2750.0
2023.01.25,2790.0
2023.01.26,2726.0
2023.01.27,2713.0
2023.01.28,2713.0
2023.01.29,2713.0
2023.01.30,2725.0
2023.01.31,2725.0
2023.02.01,2732.0
2023.02.02,2670.0
2023.02.03,2550.0
2023.02.04,2550.0
2023.02.05,2550.0
2023.02.06,2531.0
2023.02.07,2531.0
2023.02.08,2531.0
2023.02.09,2535.0
2023.02.10,2535.0
2023.02.11,2535.0
2023.02.12,2535.0
2023.02.13,2535.0
2023.02.14,2535.0
2023.02.15,2536.0
2023.02.16,2538.0
2023.02.17,2534.0
2023.02.18,2534.0
2023.02.19,2534.0
2023.02.20,2551.0
2023.02.21,2538.0
2023.02.22,2544.0
2023.02.23,2553.0
2023.02.24,2553.0
2023.02.25,2553.0
2023.02.26,2553.0
2023.02.27,2558.0
2023.02.28,2555.0
2023.03.01,2555.0
2023.03.02,2634.0
2023.03.03,2645.0
2023.03.04,2645.0
2023.03.05,2645.0
2023.03.06,2672.0
2023.03.07,2690.0
2023.03.08,2700.0
2023.03.09,2704.0
2023.03.10,2728.0
2023.03.11,2728.0
2023.03.12,2728.0
2023.03.13,2818.0
2023.03.14,2838.0
2023.03.15,2850.0
2023.03.16,2990.0
2023.03.17,2963.0
2023.03.18,2963.0
2023.03.19,2963.0
2023.03.20,2981.0
2023.03.21,2970.0
2023.03.22,2961.0
2023.03.23,2992.0
2023.03.24,2865.0
2023.03.25,2865.0
2023.03.26,2865.0
2023.03.27,2897.0
2023.03.28,2897.0
2023.03.29,2897.0
2023.03.30,2919.0
2023.03.31,2839.0
2023.04.01,2839.0
2023.04.02,2839.0
2023.04.03,2951.0
2023.04.04,2902.0
2023.04.05,2839.0
2023.04.06,2862.0
2023.04.07,2849.0
2023.04.08,2849.0
2023.04.09,2849.0
2023.04.10,2840.0
2023.04.11,2851.0
2023.04.12,2851.0
2023.04.13,2784.0
2023.04.14,2800.0
2023.04.15,2800.0
2023.04.16,2800.0
2023.04.17,2835.0
2023.04.18,2835.0
2023.04.19,2833.0
2023.04.20,2443.0
2023.04.21,2432.0
2023.04.22,2432.0
2023.04.23,2432.0
2023.04.24,2425.0
2023.04.25,2408.0
2023.04.26,2389.0
2023.04.27,2197.0
2023.04.28,2171.0
2023.04.29,2171.0
2023.04.30,2171.0
2023.05.01,2171.0
2023.05.02,2135.0
2023.05.03,2111.0
2023.05.04,2261.0
2023.05.05,2261.0
2023.05.06,2261.0
2023.05.07,2261.0
2023.05.08,2233.0
2023.05.09,2245.0
2023.05.10,2246.0
2023.05.11,2251.0
2023.05.12,2246.0
2023.05.13,2246.0
2023.05.14,2246.0
2023.05.15,2246.0
2023.05.16,2243.0
2023.05.17,2239.0
2023.05.18,2221.0
2023.05.19,2218.0
2023.05.20,2218.0
2023.05.21,2218.0
2023.05.22,2226.0
2023.05.23,2220.0
2023.05.24,2201.0
2023.05.25,2268.0
2023.05.26,2268.0
2023.05.27,2268.0
2023.05.28,2268.0
2023.05.29,2268.0
2023.05.30,2294.0
2023.05.31,2293.0
2023.06.01,2022.0
2023.06.02,2023.0
2023.06.03,2023.0
2023.06.04,2023.0
2023.06.05,2028.0
2023.06.06,2028.0
2023.06.07,2025.0
2023.06.08,2290.0
2023.06.09,2156.0
2023.06.10,2156.0
2023.06.11,2156.0
2023.06.12,2152.0
2023.06.13,2149.0
2023.06.14,2149.0
2023.06.15,2147.0
2023.06.16,2148.0
2023.06.17,2148.0
2023.06.18,2148.0
2023.06.19,2148.0
2023.06.20,2147.0
2023.06.21,2147.0
2023.06.22,2142.0
2023.06.23,2142.0
2023.06.24,2142.0
2023.06.25,2142.0
2023.06.26,2142.0
2023.06.27,2142.0
2023.06.28,2142.0
2023.06.29,2147.0
2023.06.30,2147.0
2023.07.01,2147.0
2023.07.02,2147.0
2023.07.03,2080.0
2023.07.04,2084.0
2023.07.05,2084.0
2023.07.06,2105.0
2023.07.07,2105.0
2023.07.08,2105.0
2023.07.09,2105.0
2023.07.10,2095.0
2023.07.11,2108.0
2023.07.12,2108.0
2023.07.13,2150.0
2023.07.14,2155.0
2023.07.15,2155.0
2023.07.16,2155.0
2023.07.17,2157.0
2023.07.18,2157.0
2023.07.19,2154.0
2023.07.20,2117.0
2023.07.21,2117.0
2023.07.22,2117.0
2023.07.23,2117.0
2023.07.24,2117.0
2023.07.25,2117.0
2023.07.26,2119.0
2023.07.27,2086.0
2023.07.28,2072.0
2023.07.29,2072.0
2023.07.30,2072.0
2023.07.31,2074.0
2023.08.01,2085.0
2023.08.02,2092.0
2023.08.03,2101.0
2023.08.04,2096.0
2023.08.05,2096.0
2023.08.06,2096.0
2023.08.07,2097.0
2023.08.08,2087.0
2023.08.09,2097.0
2023.08.10,2078.0
2023.08.11,2110.0
2023.08.12,2110.0
2023.08.13,2110.0
2023.08.14,2121.0
2023.08.15,2121.0
2023.08.16,2126.0
2023.08.17,2093.0
2023.08.18,2069.0
2023.08.19,2069.0
2023.08.20,2069.0
2023.08.21,2085.0
2023.08.22,2089.0
2023.08.23,2092.0
2023.08.24,2076.0
2023.08.25,2077.0
2023.08.26,2077.0
2023.08.27,2077.0
2023.08.28,2077.0
2023.08.29,2074.0
2023.08.30,2031.0
2023.08.31,2043.0
2023.09.01,2032.0
2023.09.02,2032.0
2023.09.03,2032.0
2023.09.04,2032.0
2023.09.05,2066.0
2023.09.06,2064.0
2023.09.07,2067.0
2023.09.08,2089.0
2023.09.09,2089.0
2023.09.10,2089.0
2023.09.11,2026.0
2023.09.12,2065.0
2023.09.13,2065.0
2023.09.14,2069.0
2023.09.15,2047.0
2023.09.16,2047.0
2023.09.17,2047.0
2023.09.18,2070.0
2023.09.19,2069.0
2023.09.20,2090.0
2023.09.21,2082.0
2023.09.22,2085.0
2023.09.23,2078.0
2023.09.24,2078.0
2023.09.25,2075.0
2023.09.26,2074.0
2023.09.27,2059.0
2023.09.28,2059.0
2023.09.29,2059.0
2023.09.30,2059.0
2023.10.01,2059.0
2023.10.02,2059.0
2023.10.03,2059.0
2023.10.04,2367.0
2023.10.05,2268.0
2023.10.06,2274.0
2023.10.07,2274.0
2023.10.08,2274.0
2023.10.09,2274.0
2023.10.10,2281.0
2023.10.11,2284.0
2023.10.12,2325.0
2023.10.13,2217.0
2023.10.14,2217.0
2023.10.15,2217.0
2023.10.16,2214.0
2023.10.17,2212.0
2023.10.18,2213.0
2023.10.19,2234.0
2023.10.20,2281.0
2023.10.21,2281.0
2023.10.22,2281.0
2023.10.23,2314.0
2023.10.24,2317.0
2023.10.25,2320.0
2023.10.26,2368.0
2023.10.27,2371.0
2023.10.28,2371.0
2023.10.29,2371.0
2023.10.30,2371.0
2023.10.31,2386.0
2023.11.01,2385.0
2023.11.02,2054.0
2023.11.03,2046.0
2023.11.04,2046.0
2023.11.05,2046.0
2023.11.06,2046.0
2023.11.07,2046.0
2023.11.08,2039.0
2023.11.09,2162.0
2023.11.10,2087.0
2023.11.11,2087.0
2023.11.12,2087.0
2023.11.13,2076.0
2023.11.14,2069.0
2023.11.15,2072.0
2023.11.16,2094.0
2023.11.17,2072.0
2023.11.18,2072.0
2023.11.19,2072.0
2023.11.20,2134.0
2023.11.21,2160.0
2023.11.22,2150.0
2023.11.23,2094.0
2023.11.24,2195.0
2023.11.25,2195.0
2023.11.26,2195.0
2023.11.27,2197.0
2023.11.28,2191.0
2023.11.29,2191.0
2023.11.30,2307.0
2023.12.01,2307.0
2023.12.02,2307.0
2023.12.03,2307.0
2023.12.04,2342.0
2023.12.05,2342.0
2023.12.06,2341.0
2023.12.07,2505.0
2023.12.08,2473.0
2023.12.09,2473.0
2023.12.10,2473.0
2023.12.11,2473.0
2023.12.12,2462.0
2023.12.13,2467.0
2023.12.14,2393.0
2023.12.15,2282.0
2023.12.16,2282.0
2023.12.17,2282.0
2023.12.18,2274.0
2023.12.19,2294.0
2023.12.20,2289.0
2023.12.21,2324.0
2023.12.22,2397.0
2023.12.23,2397.0
2023.12.24,2397.0
2023.12.25,2397.0
2023.12.26,2374.0
2023.12.27,2384.0
2023.12.28,2299.0
2023.12.29,2287.0
2023.12.30,2287.0
2023.12.31,2287.0
2024.01.01,2287.0
2024.01.02,2445.0
2024.01.03,2427.0
2024.01.04,2323.0
2024.01.05,2128.0
2024.01.06,2128.0
2024.01.07,2128.0
2024.01.08,2220.0
2024.01.09,2332.0
2024.01.10,2346.0
2024.01.11,2074.0
2024.01.12,2125.0
2024.01.13,2125.0
2024.01.14,2125.0
2024.01.15,2317.0
2024.01.16,2366.0
2024.01.17,2446.0
2024.01.18,2422.0
2024.01.19,2362.0
2024.01.20,2362.0
2024.01.21,2362.0
2024.01.22,2435.0
2024.01.23,2449.0
2024.01.24,2442.0
2024.01.25,2424.0
2024.01.26,2415.0
2024.01.27,2415.0
2024.01.28,2415.0
2024.01.29,2416.0
2024.01.30,2426.0
2024.01.31,2431.0
2024.02.01,2164.0
2024.02.02,2092.0
2024.02.03,2092.0
2024.02.04,2092.0
2024.02.05,2127.0
2024.02.06,2109.0
2024.02.07,2103.0
2024.02.08,2022.0
2024.02.09,2022.0
2024.02.10,2022.0
2024.02.11,2022.0
2024.02.12,2022.0
2024.02.13,2062.0
2024.02.14,2073.0
2024.02.15,2192.0
2024.02.16,2067.0
2024.02.17,2067.0
2024.02.18,2067.0
2024.02.19,2245.0
2024.02.20,2316.0
2024.02.21,2356.0
2024.02.22,2375.0
2024.02.23,2379.0
2024.02.24,2379.0
2024.02.25,2379.0
2024.02.26,2386.0
2024.02.27,2390.0
2024.02.28,2382.0
2024.02.29,2383.0
2024.03.01,2383.0
2024.03.02,2383.0
2024.03.03,2383.0
2024.03.04,2352.0
2024.03.05,2377.0
2024.03.06,2377.0
2024.03.07,2370.0
2024.03.08,2409.0
2024.03.09,2409.0
2024.03.10,2409.0
2024.03.11,2419.0
2024.03.12,2412.0
2024.03.13,2411.0
2024.03.14,2392.0
2024.03.15,2356.0
2024.03.16,2356.0
2024.03.17,2356.0
2024.03.18,2498.0
2024.03.19,2611.0
2024.03.20,2665.0
2024.03.21,2537.0
2024.03.22,2651.0
2024.03.23,2651.0
2024.03.24,2651.0
2024.03.25,2751.0
2024.03.26,2772.0
2024.03.27,2765.0
2024.03.28,2746.0
2024.03.29,2758.0
2024.03.30,2758.0
2024.03.31,2758.0
2024.04.01,2763.0
2024.04.02,2739.0
2024.04.03,2757.0
2024.04.04,2794.0
2024.04.05,2790.0
2024.04.06,2790.0
2024.04.07,2790.0
2024.04.08,2806.0
2024.04.09,2831.0
2024.04.10,2831.0
2024.04.11,2691.0
2024.04.12,2612.0
2024.04.13,2612.0
2024.04.14,2612.0
2024.04.15,2711.0
2024.04.16,2729.0
2024.04.17,2690.0
2024.04.18,2336.0
2024.04.19,2338.0
2024.04.20,2338.0
2024.04.21,2338.0
2024.04.22,2346.0
2024.04.23,2317.0
2024.04.24,2339.0
2024.04.25,2834.0
2024.04.26,2826.0
2024.04.27,2826.0
2024.04.28,2826.0
2024.04.29,2830.0
2024.04.30,2830.0
2024.05.01,2830.0
2024.05.02,2269.0
2024.05.03,2193.0
2024.05.04,2193.0
2024.05.05,2193.0
2024.05.06,2193.0
2024.05.07,2246.0
2024.05.08,2214.0
2024.05.09,2259.0
2024.05.10,2184.0
2024.05.11,2184.0
2024.05.12,2184.0
2024.05.13,2203.0
2024.05.14,2212.0
2024.05.15,2212.0
2024.05.16,2078.0
2024.05.17,2174.0
2024.05.18,2174.0
2024.05.19,2174.0
2024.05.20,2167.0
2024.05.21,2124.0
2024.05.22,2093.0
2024.05.23,2072.0
2024.05.24,2019.0
2024.05.25,2019.0
2024.05.26,2019.0
2024.05.27,2112.0
2024.05.28,2089.0
2024.05.29,2092.0
2024.05.30,2147.0
2024.05.31,2175.0
2024.06.01,2175.0
2024.06.02,2175.0
2024.06.03,2478.0
2024.06.04,2433.0
2024.06.05,2474.0
2024.06.06,2474.0
2024.06.07,2215.0
2024.06.08,2215.0
2024.06.09,2215.0
2024.06.10,2264.0
2024.06.11,2256.0
2024.06.12,2256.0
2024.06.13,2161.0
2024.06.14,2049.0
2024.06.15,2049.0
2024.06.16,2049.0
2024.06.17,2124.0
2024.06.18,2130.0
2024.06.19,2124.0
2024.06.20,2071.0
2024.06.21,2023.0
2024.06.22,2023.0
2024.06.23,2023.0
2024.06.24,2047.0
2024.06.25,2037.0
2024.06.26,2033.0
2024.06.27,2100.0
2024.06.28,2111.0
2024.06.29,2111.0
2024.06.30,2111.0
2024.07.01,2040.0
2024.07.02,2051.0
2024.07.03,2051.0
2024.07.04,2028.0
2024.07.05,2059.0
2024.07.06,2059.0
2024.07.07,2059.0
2024.07.08,2063.0
2024.07.09,2068.0
2024.07.10,2044.0
2024.07.11,1996.0
2024.07.12,1936.0
2024.07.13,1936.0
2024.07.14,1936.0
2024.07.15,1923.0
2024.07.16,1933.0
2024.07.17,1933.0
2024.07.18,1878.0
2024.07.19,1873.0
2024.07.20,1873.0
2024.07.21,1873.0
2024.07.22,1871.0
2024.07.23,1870.0
2024.07.24,1879.0
2024.07.25,1887.0
2024.07.26,1883.0
2024.07.27,1883.0
2024.07.28,1883.0
2024.07.29,1878.0
2024.07.30,1887.0
2024.07.31,1958.0
2024.08.01,1968.0
2024.08.02,1966.0
2024.08.03,1966.0
2024.08.04,1966.0
2024.08.05,1998.0
2024.08.06,2002.0
2024.08.07,1991.0
2024.08.08,1978.0
2024.08.09,1961.0
2024.08.10,1961.0
2024.08.11,1961.0
2024.08.12,1986.0
2024.08.13,1983.0
2024.08.14,1980.0
2024.08.15,1980.0
2024.08.16,1923.0
2024.08.17,1923.0
2024.08.18,1923.0
2024.08.19,1912.0
2024.08.20,1919.0
2024.08.21,1927.0
2024.08.22,1945.0
2024.08.23,1942.0
2024.08.24,1942.0
2024.08.25,1942.0
2024.08.26,1958.0
2024.08.27,1962.0
2024.08.28,1937.0
2024.08.29,1989.0
2024.08.30,1972.0
2024.08.31,1972.0
2024.09.01,1972.0
2024.09.02,2036.0
2024.09.03,2067.0
2024.09.04,2083.0
2024.09.05,2111.0
2024.09.06,2114.0
2024.09.07,2114.0
2024.09.08,2114.0
2024.09.09,2140.0
2024.09.10,2135.0
2024.09.11,2145.0
2024.09.12,2105.0
2024.09.13,2068.0
2024.09.14,2068.0
2024.09.15,2068.0
2024.09.16,2068.0
2024.09.17,2068.0
2024.09.18,2068.0
2024.09.19,2155.0
2024.09.20,2171.0
2024.09.21,2171.0
2024.09.22,2171.0
2024.09.23,2160.0
2024.09.24,2160.0
2024.09.25,2163.0
2024.09.26,2163.0
2024.09.27,2165.0
2024.09.28,2165.0
2024.09.29,2165.0
2024.09.30,2168.0
2024.10.01,2168.0
2024.10.02,2159.0
2024.10.03,2159.0
2024.10.04,2079.0
2024.10.05,2079.0
2024.10.06,2079.0
2024.10.07,2149.0
2024.10.08,2146.0
2024.10.09,2146.0
2024.10.10,2157.0
2024.10.11,2174.0
2024.10.12,2174.0
2024.10.13,2174.0
2024.10.14,2150.0
2024.10.15,2143.0
2024.10.16,2140.0
2024.10.17,2076.0
2024.10.18,2083.0
2024.10.19,2083.0
2024.10.20,2083.0
2024.10.21,2087.0
2024.10.22,2090.0
2024.10.23,2080.0
2024.10.24,2183.0
2024.10.25,2119.0
2024.10.26,2119.0
2024.10.27,2119.0
2024.10.28,2146.0
2024.10.29,2171.0
2024.10.30,2171.0
2024.10.31,2127.0
2024.11.01,2121.0
2024.11.02,2121.0
2024.11.03,2121.0
2024.11.04,2145.0
2024.11.05,2145.0
2024.11.06,2152.0
2024.11.07,1916.0
2024.11.08,1818.0
2024.11.09,1818.0
2024.11.10,1818.0
2024.11.11,1810.0
2024.11.12,1797.0
2024.11.13,1797.0
2024.11.14,1772.0
2024.11.15,1769.0
2024.11.16,1769.0
2024.11.17,1769.0
2024.11.18,1823.0
2024.11.19,1846.0
2024.11.20,1868.0
2024.11.21,1808.0
2024.11.22,1810.0
2024.11.23,1810.0
2024.11.24,1810.0
2024.11.25,1865.0
2024.11.26,1880.0
2024.11.27,1891.0
2024.11.28,1833.0
2024.11.29,1888.0
2024.11.30,1888.0
2024.12.01,1888.0
2024.12.02,1975.0
2024.12.03,2010.0
2024.12.04,1984.0
2024.12.05,2223.0
2024.12.06,2223.0
2024.12.07,2223.0
2024.12.08,2223.0
2024.12.09,2149.0
2024.12.10,2154.0
2024.12.11,2158.0
2024.12.12,2038.0
2024.12.13,2124.0
2024.12.14,2124.0
2024.12.15,2124.0
2024.12.16,2125.0
2024.12.17,2131.0
2024.12.18,2127.0
2024.12.19,2126.0
2024.12.20,2119.0
2024.12.21,2119.0
2024.12.22,2119.0
2024.12.23,2113.0
2024.12.24,2118.0
2024.12.25,2118.0
2024.12.26,2139.0
2024.12.27,2151.0
2024.12.28,2151.0
2024.12.29,2151.0
2024.12.30,2145.0
2024.12.31,2140.0
2025.01.01,2140.0
2025.01.02,2056.0
2025.01.03,2046.0
2025.01.04,2046.0
2025.01.05,2046.0
2025.01.06,2029.0
2025.01.07,2031.0
2025.01.08,2027.0
2025.01.09,2009.0
2025.01.10,2086.0
2025.01.11,2086.0
2025.01.12,2086.0
2025.01.13,2101.0
2025.01.14,2151.0
2025.01.15,2123.0
2025.01.16,2157.0
2025.01.17,2160.0
2025.01.18,2160.0
2025.01.19,2160.0
2025.01.20,2156.0
2025.01.21,2162.0
2025.01.22,2179.0
2025.01.23,2250.0
2025.01.24,2267.0
2025.01.25,2267.0
2025.01.26,2267.0
2025.01.27,2267.0
2025.01.28,2267.0
2025.01.29,2267.0
2025.01.30,2267.0
2025.01.31,2580.0
2025.02.01,2580.0
2025.02.02,2580.0
2025.02.03,2707.0
2025.02.04,2720.0
2025.02.05,2720.0
2025.02.06,2784.0
2025.02.07,2788.0
2025.02.08,2788.0
2025.02.09,2788.0
2025.02.10,2790.0
2025.02.11,2776.0
2025.02.12,2782.0
2025.02.13,2730.0
2025.02.14,2731.0
2025.02.15,2731.0
2025.02.16,2731.0
2025.02.17,2725.0
2025.02.18,2731.0
2025.02.19,2734.0
2025.02.20,2820.0
2025.02.21,2846.0
2025.02.22,2846.0
2025.02.23,2846.0
2025.02.24,2860.0
2025.02.25,2871.0
2025.02.26,2881.0
2025.02.27,2884.0
2025.02.28,2636.0
2025.03.01,2636.0
2025.03.02,2636.0
2025.03.03,2636.0
2025.03.04,2640.0
2025.03.05,2690.0
2025.03.06,2635.0
2025.03.07,2580.0
2025.03.08,2580.0
2025.03.09,2580.0
2025.03.10,2648.0
2025.03.11,2785.0
2025.03.12,2810.0
2025.03.13,3179.0
2025.03.14,3071.0
2025.03.15,3071.0
2025.03.16,3071.0
2025.03.17,3020.0
2025.03.18,3124.0
2025.03.19,3059.0
2025.03.20,3118.0
2025.03.21,3073.0
2025.03.22,3073.0
2025.03.23,3073.0
2025.03.24,3083.0
2025.03.25,3125.0
2025.03.26,3158.0
2025.03.27,3159.0
2025.03.28,3339.0
2025.03.29,3339.0
2025.03.30,3339.0
2025.03.31,3370.0
2025.04.01,3378.0
2025.04.02,3387.0
2025.04.03,3369.0
2025.04.04,3406.0
2025.04.05,3406.0
2025.04.06,3406.0
2025.04.07,3442.0
2025.04.08,3419.0
2025.04.09,3429.0
2025.04.10,3341.0
2025.04.11,3246.0
2025.04.12,3246.0
2025.04.13,3246.0
2025.04.14,3191.0
2025.04.15,3164.0
2025.04.16,3126.0
2025.04.17,3243.0
2025.04.18,3201.0
2025.04.19,3201.0
2025.04.20,3201.0
2025.04.21,3217.0
2025.04.22,3173.0
2025.04.23,3166.0
2025.04.24,3169.0
2025.04.25,3213.0
2025.04.26,3213.0
2025.04.27,3213.0
2025.04.28,3162.0
2025.04.29,3144.0
2025.04.30,3121.0
2025.05.01,3121.0
2025.05.02,2261.0
2025.05.03,2261.0
2025.05.04,2261.0
2025.05.05,2261.0
2025.05.06,2261.0
2025.05.07,2198.0
2025.05.08,2517.0
2025.05.09,2596.0
2025.05.10,2596.0
2025.05.11,2596.0
2025.05.12,2565.0
2025.05.13,2545.0
2025.05.14,2525.0
2025.05.15,2378.0
2025.05.16,2362.0
2025.05.17,2362.0
2025.05.18,2362.0
2025.05.19,2374.0
2025.05.20,2383.0
2025.05.21,2364.0
2025.05.22,2083.0
2025.05.23,1929.0
2025.05.24,1929.0
2025.05.25,1929.0
2025.05.26,1922.0
2025.05.27,1906.0
2025.05.28,1890.0
2025.05.29,1840.0
2025.05.30,1827.0
2025.05.31,1827.0
2025.06.01,1827.0
2025.06.02,1825.0
2025.06.03,1825.0
2025.06.04,1825.0
2025.06.05,1847.0
2025.06.06,1847.0
2025.06.07,1847.0
2025.06.08,1847.0
2025.06.09,1891.0
2025.06.10,1882.0
2025.06.11,1879.0
2025.06.12,1831.0
2025.06.13,1825.0
2025.06.14,1825.0
2025.06.15,1825.0
2025.06.16,1829.0
2025.06.17,1834.0
2025.06.18,1834.0
2025.06.19,1875.0
2025.06.20,1812.0
2025.06.21,1812.0
2025.06.22,1812.0
2025.06.23,1815.0
2025.06.24,1809.0
2025.06.25,1805.0
2025.06.26,1767.0
2025.06.27,1875.0
2025.06.28,1875.0
2025.06.29,1875.0
2025.06.30,1983.0
2025.07.01,1984.0
2025.07.02,1979.0
2025.07.03,1779.0
2025.07.04,1687.0
2025.07.05,1687.0
2025.07.06,1687.0
2025.07.07,1796.0
2025.07.08,1791.0
2025.07.09,1843.0
2025.07.10,1884.0
2025.07.11,1903.0
2025.07.12,1903.0
2025.07.13,1903.0
2025.07.14,1905.0
2025.07.15,1906.0
2025.07.16,1900.0
2025.07.17,1596.0
2025.07.18,1592.0
2025.07.19,1592.0
2025.07.20,1592.0
2025.07.21,1594.0
2025.07.22,1583.0
2025.07.23,1586.0
2025.07.24,1794.0
2025.07.25,1862.0
2025.07.26,1862.0
2025.07.27,1862.0
2025.07.28,1919.0
2025.07.29,1987.0
2025.07.30,2005.0
2025.07.31,1962.0
2025.08.01,1966.0
2025.08.02,1966.0
2025.08.03,1966.0
2025.08.04,1970.0
2025.08.05,1969.0
2025.08.06,1960.0
2025.08.07,2069.0
2025.08.08,2007.0
2025.08.09,2007.0
2025.08.10,2007.0
2025.08.11,2033.0
2025.08.12,2045.0
2025.08.13,2062.0
2025.08.14,2216.0
2025.08.15,2216.0
2025.08.16,2216.0
2025.08.17,2216.0
2025.08.18,2223.0
2025.08.19,2247.0
2025.08.20,2263.0
2025.08.21,2231.0
2025.08.22,2230.0
2025.08.23,2230.0
2025.08.24,2230.0
2025.08.25,2249.0
2025.08.26,2224.0
2025.08.27,2222.0
2025.08.28,2212.0
2025.08.29,2216.0
2025.08.30,2216.0
2025.08.31,2216.0
2025.09.01,2223.0
2025.09.02,2212.0
2025.09.03,2208.0
2025.09.04,2085.0
2025.09.05,2066.0
2025.09.06,2066.0
2025.09.07,2066.0
2025.09.08,2202.0
2025.09.09,2268.0
2025.09.10,2270.0
2025.09.11,1877.0
2025.09.12,1913.0
2025.09.13,1913.0
2025.09.14,1913.0
2025.09.15,2115.0
2025.09.16,2116.0
2025.09.17,2118.0
2025.09.18,1975.0
2025.09.19,1977.0
2025.09.20,1977.0
2025.09.21,1977.0
2025.09.22,1922.0
2025.09.23,1900.0
2025.09.24,1915.0
2025.09.25,1724.0
2025.09.26,1730.0
2025.09.27,1730.0
2025.09.28,1730.0
2025.09.29,1854.0
2025.09.30,1850.0
2025.10.01,1845.0
2025.10.02,1846.0
2025.10.03,1846.0
2025.10.04,1846.0
2025.10.05,1846.0
2025.10.06,1846.0
2025.10.07,1846.0
2025.10.08,1846.0
2025.10.09,1846.0
2025.10.10,2091.0
2025.10.11,2091.0
2025.10.12,2091.0
2025.10.13,2171.0
2025.10.14,2263.0
2025.10.15,2333.0
2025.10.16,2366.0
2025.10.17,2345.0
2025.10.18,2345.0
2025.10.19,2345.0
2025.10.20,2355.0
2025.10.21,2355.0
2025.10.22,2350.0
2025.10.23,2194.0
2025.10.24,2155.0
2025.10.25,2155.0
2025.10.26,2155.0
2025.10.27,2277.0
2025.10.28,2262.0
2025.10.29,2278.0
2025.10.30,2069.0
2025.10.31,2040.0
2025.11.01,2040.0
2025.11.02,2040.0
2025.11.03,2066.0
2025.11.04,2082.0
2025.11.05,2082.0
2025.11.06,1935.0
2025.11.07,1934.0
2025.11.08,1934.0
2025.11.09,1934.0
2025.11.10,1951.0
2025.11.11,1947.0
2025.11.12,1950.0
2025.11.13,1916.0
2025.11.14,1929.0
2025.11.15,1929.0
2025.11.16,1929.0
2025.11.17,1922.0
2025.11.18,1949.0
2025.11.19,1946.0
2025.11.20,1806.0
2025.11.21,1804.0
2025.11.22,1804.0
2025.11.23,1804.0
2025.11.24,1800.0
2025.11.25,1788.0
2025.11.26,1790.0
2025.11.27,1905.0
2025.11.28,1881.0
2025.11.29,1881.0
2025.11.30,1881.0
2025.12.01,1887.0
2025.12.02,1948.0
2025.12.03,1959.0
2025.12.04,2115.0
2025.12.05,2115.0
2025.12.06,2115.0
2025.12.07,2115.0
2025.12.08,2130.0
2025.12.09,2187.0
2025.12.10,2200.0
2025.12.11,2253.0
2025.12.12,2259.0
2025.12.13,2259.0
2025.12.14,2259.0
2025.12.15,2252.0
2025.12.16,2265.0
2025.12.17,2246.0
2025.12.18,1839.0
2025.12.19,1843.0
2025.12.20,1843.0
2025.12.21,1843.0
2025.12.22,1838.0
2025.12.23,1826.0
2025.12.24,1893.0
2025.12.25,1893.0
2025.12.26,2022.0
2025.12.27,2022.0
2025.12.28,2022.0
2025.12.29,2019.0
2025.12.30,2033.0
2025.12.31,2144.0
2026.01.01,2144.0
2026.01.02,2389.0
2026.01.03,2389.0
2026.01.04,2389.0
2026.01.05,2220.0
2026.01.06,2359.0
2026.01.07,2351.0
2026.01.08,2296.0
2026.01.09,2228.0
2026.01.10,2228.0
2026.01.11,2228.0
2026.01.12,2323.0
2026.01.13,2369.0
2026.01.14,2381.0
2026.01.15,2372.0
2026.01.16,2382.0
2026.01.17,2382.0
2026.01.18,2382.0
2026.01.19,2388.0
2026.01.20,2387.0
2026.01.21,2423.0
2026.01.22,2422.0
2026.01.23,2392.0
2026.01.24,2392.0
2026.01.25,2392.0
2026.01.26,2353.0
2026.01.27,2357.0
2026.01.28,2350.0
2026.01.29,2298.0
2026.01.30,2287.0
2026.01.31,2287.0
2026.02.01,2287.0
2026.02.02,2348.0
2026.02.03,2343.0
2026.02.04,2341.0
2026.02.05,2103.0
2026.02.06,2099.0
2026.02.07,2099.0
2026.02.08,2099.0
2026.02.09,2124.0
2026.02.10,2149.0
2026.02.11,2145.0
2026.02.12,1977.0
2026.02.13,1981.0
2026.02.14,1981.0
2026.02.15,1981.0
2026.02.16,1981.0
2026.02.17,1981.0
2026.02.18,1981.0
2026.02.19,2376.0
2026.02.20,2376.0
2026.02.21,2376.0
2026.02.22,2376.0
2026.02.23,2304.0
2026.02.24,2300.0
2026.02.25,2292.0
2026.02.26,2317.0
2026.02.27,2312.0
2026.02.28,2312.0
2026.03.01,2312.0
2026.03.02,2312.0
2026.03.03,2395.0
2026.03.04,2373.0
2026.03.05,2303.0
2026.03.06,2239.0
2026.03.07,2239.0
2026.03.08,2239.0
2026.03.09,2394.0
2026.03.10,2410.0
2026.03.11,2389.0
2026.03.12,2215.0
2026.03.13,2210.0
2026.03.14,2210.0
2026.03.15,2210.0
2026.03.16,2178.0
2026.03.17,2188.0
2026.03.18,2195.0
2026.03.19,2029.0
2026.03.20,2020.0
2026.03.21,2020.0
2026.03.22,2020.0
2026.03.23,2007.0
2026.03.24,1999.0
2026.03.25,1994.0
2026.03.26,1903.0
2026.03.27,1885.0
2026.03.28,1885.0
2026.03.29,1885.0
2026.03.30,1880.0
2026.03.31,1875.0
2026.04.01,1841.0
2026.04.02,1882.0
2026.04.03,1873.0
2026.04.04,1873.0
2026.04.05,1873.0
2026.04.06,1920.0
2026.04.07,1891.0
2026.04.08,1864.0
2026.04.09,2075.0
2026.04.10,2002.0
2026.04.11,2002.0
2026.04.12,2002.0
2026.04.13,2013.0
2026.04.14,2013.0
2026.04.15,1994.0
2026.04.16,2028.0
2026.04.17,2053.0
2026.04.18,2053.0
2026.04.19,2053.0
2026.04.20,2152.0
2026.04.21,2121.0
2026.04.22,2090.0
2026.04.23,1957.0
2026.04.24,1954.0
2026.04.25,1954.0
2026.04.26,1954.0
