陳瞼,ゎ敕晦螞
2020.12.31,-10
2021.01.01,-6.75
2021.01.02,-6.6
2021.01.03,-7.75
2021.01.04,-6.15
2021.01.05,-6.3
2021.01.06,-9.3
2021.01.07,-15.2
2021.01.08,-15.95
2021.01.09,-14.35
2021.01.10,-11.7
2021.01.11,-10.95
2021.01.12,-7.9
2021.01.13,0
2021.01.14,-1.45
2021.01.15,1.7
2021.01.16,-4.45
2021.01.17,-7.1
2021.01.18,-4.7
2021.01.19,-9.4
2021.01.20,-4.9
2021.01.21,1.65
2021.01.22,4.1
2021.01.23,5.3
2021.01.24,3.95
2021.01.25,3.45
2021.01.26,2.85
2021.01.27,0.8
2021.01.28,-3.8
2021.01.29,-9.3
2021.01.30,-4.45
2021.01.31,-0.1
2021.02.01,4.25
2021.02.02,-5.55
2021.02.03,-4.6
2021.02.04,-4.75
2021.02.05,0
2021.02.06,5.35
2021.02.07,3.65
2021.02.08,-3.25
2021.02.09,-2.3
2021.02.10,1.4
2021.02.11,2.2
2021.02.12,3.3
2021.02.13,4.1
2021.02.14,6.7
2021.02.15,1
2021.02.16,-5.35
2021.02.17,-8.7
2021.02.18,-6.65
2021.02.19,-0.55
2021.02.20,6.7
2021.02.21,8.95
2021.02.22,6.7
2021.02.23,-0.35
2021.02.24,0.65
2021.02.25,0.85
2021.02.26,4.6
2021.02.27,6.1
2021.02.28,5.05
2021.03.01,2.65
2021.03.02,0.45
2021.03.03,1.1
2021.03.04,3.7
2021.03.05,6.5
2021.03.06,3.9
2021.03.07,4.4
2021.03.08,4.65
2021.03.09,5.1
2021.03.10,6.35
2021.03.11,8.2
2021.03.12,8.05
2021.03.13,7.9
2021.03.14,7.75
2021.03.15,8.8
2021.03.16,8.45
2021.03.17,7.05
2021.03.18,9.65
2021.03.19,13.1
2021.03.20,8.35
2021.03.21,5.45
2021.03.22,5.35
2021.03.23,7.65
2021.03.24,8.6
2021.03.25,11.35
2021.03.26,10.95
2021.03.27,9.9
2021.03.28,9.4
2021.03.29,10.3
2021.03.30,9.7
2021.03.31,11.9
2021.04.01,14.75
2021.04.02,16.1
2021.04.03,12.3
2021.04.04,10
2021.04.05,10.25
2021.04.06,12.45
2021.04.07,12.3
2021.04.08,11.45
2021.04.09,11.45
2021.04.10,11.05
2021.04.11,13.05
2021.04.12,12.3
2021.04.13,10.45
2021.04.14,8
2021.04.15,10.05
2021.04.16,10.2
2021.04.17,7.15
2021.04.18,9.65
2021.04.19,12.2
2021.04.20,14.05
2021.04.21,17.7
2021.04.22,20
2021.04.23,17.2
2021.04.24,16.25
2021.04.25,15.65
2021.04.26,14.85
2021.04.27,14.5
2021.04.28,14.5
2021.04.29,12.4
2021.04.30,10.85
2021.05.01,9.75
2021.05.02,12.2
2021.05.03,13.05
2021.05.04,12.6
2021.05.05,14.1
2021.05.06,13.55
2021.05.07,13.55
2021.05.08,14
2021.05.09,14.8
2021.05.10,11.1
2021.05.11,16.9
2021.05.12,18.55
2021.05.13,20.75
2021.05.14,22.4
2021.05.15,20.7
2021.05.16,16.6
2021.05.17,14.25
2021.05.18,16.9
2021.05.19,18.7
2021.05.20,16.95
2021.05.21,15.4
2021.05.22,18.6
2021.05.23,18.8
2021.05.24,18.55
2021.05.25,14
2021.05.26,15.8
2021.05.27,15.25
2021.05.28,14.25
2021.05.29,15
2021.05.30,17.1
2021.05.31,18.7
2021.06.01,19.2
2021.06.02,22
2021.06.03,18.05
2021.06.04,18.15
2021.06.05,19.5
2021.06.06,21.2
2021.06.07,20.1
2021.06.08,21.4
2021.06.09,23.75
2021.06.10,23.45
2021.06.11,21.55
2021.06.12,23.15
2021.06.13,24.65
2021.06.14,24.1
2021.06.15,21.55
2021.06.16,22.75
2021.06.17,20.15
2021.06.18,20.65
2021.06.19,21.7
2021.06.20,22.2
2021.06.21,22.55
2021.06.22,21.05
2021.06.23,21.05
2021.06.24,22.35
2021.06.25,23.45
2021.06.26,20.7
2021.06.27,23.25
2021.06.28,23.3
2021.06.29,23.15
2021.06.30,22.45
2021.07.01,24.45
2021.07.02,24.4
2021.07.03,21.4
2021.07.04,21.35
2021.07.05,22.2
2021.07.06,24.1
2021.07.07,25.2
2021.07.08,25.5
2021.07.09,24.35
2021.07.10,24.85
2021.07.11,23.85
2021.07.12,25.85
2021.07.13,27.5
2021.07.14,28.1
2021.07.15,27.05
2021.07.16,25.9
2021.07.17,26.6
2021.07.18,27.3
2021.07.19,25.85
2021.07.20,26.55
2021.07.21,28.25
2021.07.22,28.2
2021.07.23,28.3
2021.07.24,28.8
2021.07.25,29.05
2021.07.26,28.95
2021.07.27,29.2
2021.07.28,28.15
2021.07.29,27.75
2021.07.30,28.85
2021.07.31,28.6
2021.08.01,26.45
2021.08.02,25.35
2021.08.03,26.45
2021.08.04,27.55
2021.08.05,27.85
2021.08.06,26.45
2021.08.07,26.35
2021.08.08,25.25
2021.08.09,26.4
2021.08.10,23.6
2021.08.11,25.05
2021.08.12,25.5
2021.08.13,24.95
2021.08.14,23.95
2021.08.15,24.6
2021.08.16,24.5
2021.08.17,23.95
2021.08.18,22.8
2021.08.19,23.55
2021.08.20,24.1
2021.08.21,22.7
2021.08.22,23.9
2021.08.23,20.45
2021.08.24,22.5
2021.08.25,22.75
2021.08.26,24.25
2021.08.27,21.4
2021.08.28,22.5
2021.08.29,21.75
2021.08.30,21.95
2021.08.31,19.6
2021.09.01,20.3
2021.09.02,22.2
2021.09.03,22.45
2021.09.04,20.55
2021.09.05,20.7
2021.09.06,20.8
2021.09.07,18.7
2021.09.08,21.6
2021.09.09,20.55
2021.09.10,21.65
2021.09.11,22
2021.09.12,21.6
2021.09.13,22.15
2021.09.14,21.9
2021.09.15,20.75
2021.09.16,20.6
2021.09.17,20.85
2021.09.18,21.35
2021.09.19,20.75
2021.09.20,21.85
2021.09.21,21.1
2021.09.22,19.7
2021.09.23,19.35
2021.09.24,19.75
2021.09.25,19.05
2021.09.26,20.25
2021.09.27,18.85
2021.09.28,19.8
2021.09.29,19.1
2021.09.30,19
2021.10.01,19.2
2021.10.02,19.1
2021.10.03,19.55
2021.10.04,21
2021.10.05,21.3
2021.10.06,17.45
2021.10.07,18.3
2021.10.08,18.4
2021.10.09,20.05
2021.10.10,19.65
2021.10.11,15.35
2021.10.12,16.4
2021.10.13,17.7
2021.10.14,18.3
2021.10.15,17.65
2021.10.16,10.1
2021.10.17,4.3
2021.10.18,6.5
2021.10.19,9.45
2021.10.20,6.65
2021.10.21,6.95
2021.10.22,8
2021.10.23,7.95
2021.10.24,7.65
2021.10.25,8.15
2021.10.26,9.25
2021.10.27,10.4
2021.10.28,8.85
2021.10.29,10.5
2021.10.30,10.25
2021.10.31,11.65
2021.11.01,10.5
2021.11.02,8.9
2021.11.03,9.6
2021.11.04,9.5
2021.11.05,9.05
2021.11.06,10.55
2021.11.07,11.95
2021.11.08,7.5
2021.11.09,4.55
2021.11.10,3.75
2021.11.11,4.7
2021.11.12,3.45
2021.11.13,4.3
2021.11.14,8.7
2021.11.15,6.1
2021.11.16,5.3
2021.11.17,4.55
2021.11.18,10.25
2021.11.19,11.85
2021.11.20,7.9
2021.11.21,8.55
2021.11.22,2.7
2021.11.23,-0.65
2021.11.24,2.45
2021.11.25,3.8
2021.11.26,1.6
2021.11.27,-0.2
2021.11.28,1.35
2021.11.29,3.85
2021.11.30,3.9
2021.12.01,-1.55
2021.12.02,-0.3
2021.12.03,1.3
2021.12.04,-0.45
2021.12.05,-0.15
2021.12.06,1.85
2021.12.07,3.4
2021.12.08,2.75
2021.12.09,2
2021.12.10,4.1
2021.12.11,3.85
2021.12.12,0.1
2021.12.13,-3.45
2021.12.14,1.65
2021.12.15,4.95
2021.12.16,3.2
2021.12.17,-5.3
2021.12.18,-7
2021.12.19,-1.8
2021.12.20,3.6
2021.12.21,4.1
2021.12.22,-0.35
2021.12.23,-0.8
2021.12.24,-1.15
2021.12.25,-11.05
2021.12.26,-12.45
2021.12.27,-9.75
2021.12.28,-5.75
2021.12.29,-1.2
2021.12.30,-4.1
2021.12.31,-7.4
2022.01.01,-7.5
2022.01.02,-3
2022.01.03,-4.6
2022.01.04,-3.9
2022.01.05,-5.4
2022.01.06,-4.35
2022.01.07,-5.1
2022.01.08,-3
2022.01.09,-0.55
2022.01.10,-2
2022.01.11,-7.15
2022.01.12,-9
2022.01.13,-7.95
2022.01.14,-7.7
2022.01.15,-3.7
2022.01.16,-2.35
2022.01.17,-7.25
2022.01.18,-7.25
2022.01.19,-7.85
2022.01.20,-8.15
2022.01.21,-6.95
2022.01.22,-3
2022.01.23,1.1
2022.01.24,3
2022.01.25,0.95
2022.01.26,-0.05
2022.01.27,-2.25
2022.01.28,-3.95
2022.01.29,-5.1
2022.01.30,-5.6
2022.01.31,-3.7
2022.02.01,-1.9
2022.02.02,-3.7
2022.02.03,-5.1
2022.02.04,-6.6
2022.02.05,-7.9
2022.02.06,-5.75
2022.02.07,-4.2
2022.02.08,-2.4
2022.02.09,-1.95
2022.02.10,-0.45
2022.02.11,-0.15
2022.02.12,1.75
2022.02.13,2.1
2022.02.14,0.7
2022.02.15,-4.65
2022.02.16,-7.6
2022.02.17,-7.8
2022.02.18,-3.85
2022.02.19,-2.05
2022.02.20,-5.15
2022.02.21,-4.45
2022.02.22,-5.1
2022.02.23,-6.9
2022.02.24,-4.2
2022.02.25,1.1
2022.02.26,5
2022.02.27,3.85
2022.02.28,4.4
2022.03.01,3.2
2022.03.02,2.3
2022.03.03,5.1
2022.03.04,5.6
2022.03.05,2.25
2022.03.06,1
2022.03.07,1.55
2022.03.08,4
2022.03.09,5.1
2022.03.10,7
2022.03.11,7.65
2022.03.12,11
2022.03.13,10.95
2022.03.14,7.35
2022.03.15,6.5
2022.03.16,8.55
2022.03.17,9.2
2022.03.18,5.9
2022.03.19,2.2
2022.03.20,3.3
2022.03.21,3.55
2022.03.22,5.75
2022.03.23,4.7
2022.03.24,6.6
2022.03.25,9.95
2022.03.26,10.95
2022.03.27,6.9
2022.03.28,5.9
2022.03.29,7.7
2022.03.30,8.4
2022.03.31,9.3
2022.04.01,7.65
2022.04.02,6.85
2022.04.03,8.25
2022.04.04,9.25
2022.04.05,9.35
2022.04.06,11.65
2022.04.07,10.75
2022.04.08,11.2
2022.04.09,16.1
2022.04.10,16.6
2022.04.11,18
2022.04.12,18.65
2022.04.13,10.65
2022.04.14,10.2
2022.04.15,11.05
2022.04.16,11.35
2022.04.17,12.7
2022.04.18,14.25
2022.04.19,13.9
2022.04.20,13.9
2022.04.21,14.55
2022.04.22,14.65
2022.04.23,15.3
2022.04.24,17.25
2022.04.25,18.9
2022.04.26,20.35
2022.04.27,16.2
2022.04.28,15.15
2022.04.29,10.9
2022.04.30,11.35
2022.05.01,11.85
2022.05.02,11.85
2022.05.03,12.8
2022.05.04,15.5
2022.05.05,17.05
2022.05.06,17.9
2022.05.07,17.5
2022.05.08,13
2022.05.09,15.85
2022.05.10,17.4
2022.05.11,18.75
2022.05.12,18.9
2022.05.13,16.45
2022.05.14,13.85
2022.05.15,14.35
2022.05.16,15.8
2022.05.17,18.5
2022.05.18,18.9
2022.05.19,18.9
2022.05.20,18.85
2022.05.21,19.8
2022.05.22,19.25
2022.05.23,21.35
2022.05.24,21.95
2022.05.25,19.9
2022.05.26,17.7
2022.05.27,19
2022.05.28,20.2
2022.05.29,20.9
2022.05.30,19.25
2022.05.31,18.75
2022.06.01,20.4
2022.06.02,19.8
2022.06.03,22.6
2022.06.04,22.55
2022.06.05,19.45
2022.06.06,16.8
2022.06.07,17.65
2022.06.08,19.65
2022.06.09,18.85
2022.06.10,19.85
2022.06.11,21.65
2022.06.12,22.3
2022.06.13,21.5
2022.06.14,19.45
2022.06.15,16.05
2022.06.16,19.7
2022.06.17,21.55
2022.06.18,23.2
2022.06.19,22.75
2022.06.20,24.35
2022.06.21,25.85
2022.06.22,25.45
2022.06.23,23.25
2022.06.24,23.85
2022.06.25,25.5
2022.06.26,25.25
2022.06.27,26.45
2022.06.28,26.85
2022.06.29,25.15
2022.06.30,21.75
2022.07.01,26
2022.07.02,26.95
2022.07.03,27.5
2022.07.04,27.6
2022.07.05,26.75
2022.07.06,27.4
2022.07.07,27.7
2022.07.08,25.2
2022.07.09,26.6
2022.07.10,27.6
2022.07.11,24.45
2022.07.12,25.15
2022.07.13,23.15
2022.07.14,24.85
2022.07.15,24.55
2022.07.16,23.15
2022.07.17,24
2022.07.18,24.8
2022.07.19,26
2022.07.20,25.9
2022.07.21,21.85
2022.07.22,23.9
2022.07.23,23.5
2022.07.24,23.75
2022.07.25,26.05
2022.07.26,26.75
2022.07.27,26.5
2022.07.28,27
2022.07.29,28.65
2022.07.30,28.25
2022.07.31,25.5
2022.08.01,27.1
2022.08.02,26.4
2022.08.03,26.95
2022.08.04,28.15
2022.08.05,28.1
2022.08.06,27.7
2022.08.07,27.8
2022.08.08,26.2
2022.08.09,25.05
2022.08.10,23.95
2022.08.11,24.55
2022.08.12,25.9
2022.08.13,23.75
2022.08.14,25.75
2022.08.15,27.1
2022.08.16,26.2
2022.08.17,24
2022.08.18,24.35
2022.08.19,24.65
2022.08.20,27.4
2022.08.21,26.05
2022.08.22,25.1
2022.08.23,23.65
2022.08.24,23.05
2022.08.25,20.95
2022.08.26,22.8
2022.08.27,20.25
2022.08.28,19.8
2022.08.29,18.9
2022.08.30,18.2
2022.08.31,20.4
2022.09.01,21.75
2022.09.02,22.5
2022.09.03,22.05
2022.09.04,21.25
2022.09.05,19.4
2022.09.06,20.5
2022.09.07,20.15
2022.09.08,20.2
2022.09.09,20.8
2022.09.10,20.45
2022.09.11,21.7
2022.09.12,22.1
2022.09.13,22.6
2022.09.14,22.65
2022.09.15,23.05
2022.09.16,24.65
2022.09.17,24.8
2022.09.18,25.45
2022.09.19,22.35
2022.09.20,17.2
2022.09.21,15.95
2022.09.22,16.5
2022.09.23,15.3
2022.09.24,15.35
2022.09.25,15.85
2022.09.26,16.5
2022.09.27,17.25
2022.09.28,17.05
2022.09.29,17.15
2022.09.30,16.7
2022.10.01,17.25
2022.10.02,16.95
2022.10.03,19.75
2022.10.04,17.9
2022.10.05,15.15
2022.10.06,14.5
2022.10.07,13.4
2022.10.08,12.75
2022.10.09,11.65
2022.10.10,8.5
2022.10.11,9.75
2022.10.12,10.2
2022.10.13,12.85
2022.10.14,14.15
2022.10.15,15.45
2022.10.16,14.5
2022.10.17,10.7
2022.10.18,6.5
2022.10.19,6.65
2022.10.20,9.3
2022.10.21,10.5
2022.10.22,12.95
2022.10.23,12.4
2022.10.24,8.55
2022.10.25,8.4
2022.10.26,9.1
2022.10.27,10.5
2022.10.28,11.5
2022.10.29,11.25
2022.10.30,11.45
2022.10.31,11.85
2022.11.01,10.1
2022.11.02,7.85
2022.11.03,6.95
2022.11.04,3
2022.11.05,3.4
2022.11.06,5.95
2022.11.07,7.8
2022.11.08,8.9
2022.11.09,8.25
2022.11.10,10.8
2022.11.11,11.7
2022.11.12,14
2022.11.13,10.2
2022.11.14,8.35
2022.11.15,4.9
2022.11.16,5.95
2022.11.17,6.55
2022.11.18,6.85
2022.11.19,8.4
2022.11.20,9.75
2022.11.21,8.65
2022.11.22,8.2
2022.11.23,9.7
2022.11.24,5.8
2022.11.25,9.85
2022.11.26,6.15
2022.11.27,2.4
2022.11.28,7.45
2022.11.29,7.25
2022.11.30,-5.4
2022.12.01,-6.15
2022.12.02,-5.3
2022.12.03,-0.35
2022.12.04,-3.55
2022.12.05,-4.05
2022.12.06,-2.7
2022.12.07,1.65
2022.12.08,0.25
2022.12.09,0.4
2022.12.10,-1.2
2022.12.11,-1.4
2022.12.12,-0.45
2022.12.13,-0.7
2022.12.14,-9.45
2022.12.15,-7.5
2022.12.16,-8.65
2022.12.17,-9.35
2022.12.18,-11.85
2022.12.19,-10.65
2022.12.20,-7.35
2022.12.21,-2.15
2022.12.22,-8.5
2022.12.23,-12.85
2022.12.24,-12.65
2022.12.25,-10.7
2022.12.26,-9.5
2022.12.27,-8.15
2022.12.28,-5.55
2022.12.29,-6.15
2022.12.30,-4.65
2022.12.31,-5
2023.01.01,-2.85
2023.01.02,-7.15
2023.01.03,-8.4
2023.01.04,-6.7
2023.01.05,-6.5
2023.01.06,-3.1
2023.01.07,-0.45
2023.01.08,-3.25
2023.01.09,0.8
2023.01.10,-2.75
2023.01.11,-2.25
2023.01.12,0.15
2023.01.13,3.7
2023.01.14,3.9
2023.01.15,-0.55
2023.01.16,-5.05
2023.01.17,-5.95
2023.01.18,-4.25
2023.01.19,-2.75
2023.01.20,-4.1
2023.01.21,-8.15
2023.01.22,-2.9
2023.01.23,-1.65
2023.01.24,-14.7
2023.01.25,-13.85
2023.01.26,-8.2
2023.01.27,-9.35
2023.01.28,-7.85
2023.01.29,-4.6
2023.01.30,-3.3
2023.01.31,0.1
2023.02.01,0.7
2023.02.02,-4
2023.02.03,-2.9
2023.02.04,-3.1
2023.02.05,-1.9
2023.02.06,-0.4
2023.02.07,0.4
2023.02.08,-0.4
2023.02.09,1.5
2023.02.10,2.1
2023.02.11,-0.45
2023.02.12,1
2023.02.13,4.35
2023.02.14,0.6
2023.02.15,1.1
2023.02.16,0.25
2023.02.17,0.55
2023.02.18,2.95
2023.02.19,2.85
2023.02.20,-1.1
2023.02.21,-2.8
2023.02.22,-0.6
2023.02.23,2.15
2023.02.24,2
2023.02.25,-0.55
2023.02.26,0.2
2023.02.27,2.45
2023.02.28,2.6
2023.03.01,4.6
2023.03.02,1.45
2023.03.03,2.05
2023.03.04,4.95
2023.03.05,5.9
2023.03.06,5.95
2023.03.07,8.85
2023.03.08,9.25
2023.03.09,10.05
2023.03.10,10.7
2023.03.11,13.25
2023.03.12,5.05
2023.03.13,2.2
2023.03.14,6.7
2023.03.15,7.1
2023.03.16,3.5
2023.03.17,5.1
2023.03.18,6.7
2023.03.19,6.6
2023.03.20,7.6
2023.03.21,10.4
2023.03.22,14.55
2023.03.23,15.4
2023.03.24,10.55
2023.03.25,11.15
2023.03.26,8.8
2023.03.27,5.7
2023.03.28,7.25
2023.03.29,10
2023.03.30,11.8
2023.03.31,13.1
2023.04.01,15.2
2023.04.02,15.95
2023.04.03,15.7
2023.04.04,15.75
2023.04.05,11.7
2023.04.06,8.75
2023.04.07,8.05
2023.04.08,7.6
2023.04.09,9.05
2023.04.10,11.5
2023.04.11,12.5
2023.04.12,9.5
2023.04.13,10.5
2023.04.14,13.7
2023.04.15,12
2023.04.16,9.55
2023.04.17,10.9
2023.04.18,12.25
2023.04.19,17.95
2023.04.20,16.6
2023.04.21,16.75
2023.04.22,14.35
2023.04.23,14.2
2023.04.24,14.7
2023.04.25,8.75
2023.04.26,9.7
2023.04.27,11.4
2023.04.28,14.25
2023.04.29,12.55
2023.04.30,12.7
2023.05.01,13.8
2023.05.02,14.65
2023.05.03,17.7
2023.05.04,19.95
2023.05.05,16.85
2023.05.06,11.25
2023.05.07,11.9
2023.05.08,13.35
2023.05.09,15.75
2023.05.10,17.05
2023.05.11,17.9
2023.05.12,16.8
2023.05.13,16.8
2023.05.14,16.9
2023.05.15,18.6
2023.05.16,22.05
2023.05.17,21.65
2023.05.18,19.85
2023.05.19,19.7
2023.05.20,20.1
2023.05.21,18.35
2023.05.22,18.45
2023.05.23,17.75
2023.05.24,18.75
2023.05.25,19.95
2023.05.26,19.9
2023.05.27,17.7
2023.05.28,19
2023.05.29,22.45
2023.05.30,21.55
2023.05.31,21.55
2023.06.01,21.6
2023.06.02,20.7
2023.06.03,21.35
2023.06.04,21
2023.06.05,20.5
2023.06.06,20
2023.06.07,20.95
2023.06.08,20.4
2023.06.09,21.15
2023.06.10,20.7
2023.06.11,20.75
2023.06.12,21.4
2023.06.13,21
2023.06.14,20.55
2023.06.15,21.6
2023.06.16,23.15
2023.06.17,23.6
2023.06.18,25.2
2023.06.19,26.65
2023.06.20,22.8
2023.06.21,19.6
2023.06.22,21
2023.06.23,22.85
2023.06.24,24.8
2023.06.25,26.25
2023.06.26,23.1
2023.06.27,24.4
2023.06.28,25.15
2023.06.29,23.35
2023.06.30,25.55
2023.07.01,27.3
2023.07.02,26.3
2023.07.03,27.3
2023.07.04,25
2023.07.05,24.05
2023.07.06,26.1
2023.07.07,24.6
2023.07.08,24.7
2023.07.09,23.6
2023.07.10,26.1
2023.07.11,22.45
2023.07.12,24.9
2023.07.13,24.4
2023.07.14,24.7
2023.07.15,24.1
2023.07.16,24.05
2023.07.17,24.35
2023.07.18,23.95
2023.07.19,25.85
2023.07.20,26.6
2023.07.21,27.45
2023.07.22,26.35
2023.07.23,24.75
2023.07.24,26.65
2023.07.25,26.6
2023.07.26,25.1
2023.07.27,27.3
2023.07.28,27.65
2023.07.29,27.65
2023.07.30,28
2023.07.31,27.6
2023.08.01,28.1
2023.08.02,27.9
2023.08.03,27.7
2023.08.04,28.25
2023.08.05,28.8
2023.08.06,28.4
2023.08.07,27.65
2023.08.08,28.15
2023.08.09,25.45
2023.08.10,21.5
2023.08.11,23.25
2023.08.12,23.05
2023.08.13,25.5
2023.08.14,27.15
2023.08.15,26.65
2023.08.16,26.35
2023.08.17,26.55
2023.08.18,27.8
2023.08.19,28.25
2023.08.20,27.25
2023.08.21,27.45
2023.08.22,26.75
2023.08.23,24.25
2023.08.24,23.4
2023.08.25,25.2
2023.08.26,24.15
2023.08.27,24
2023.08.28,22
2023.08.29,23.3
2023.08.30,21.9
2023.08.31,22.45
2023.09.01,21.45
2023.09.02,22.2
2023.09.03,24.15
2023.09.04,25.4
2023.09.05,26
2023.09.06,25.2
2023.09.07,23.1
2023.09.08,21.9
2023.09.09,23.35
2023.09.10,23.85
2023.09.11,23.8
2023.09.12,23.6
2023.09.13,20.25
2023.09.14,21.65
2023.09.15,21.1
2023.09.16,22.85
2023.09.17,23.9
2023.09.18,23.9
2023.09.19,22.65
2023.09.20,19.6
2023.09.21,18.25
2023.09.22,17.45
2023.09.23,18.6
2023.09.24,19.25
2023.09.25,20.1
2023.09.26,19.6
2023.09.27,20.85
2023.09.28,21.6
2023.09.29,19.1
2023.09.30,17.6
2023.10.01,15.95
2023.10.02,14.55
2023.10.03,14.25
2023.10.04,14.45
2023.10.05,12.45
2023.10.06,11.9
2023.10.07,14.05
2023.10.08,15.05
2023.10.09,15
2023.10.10,14.2
2023.10.11,14.15
2023.10.12,14.35
2023.10.13,14.9
2023.10.14,12.35
2023.10.15,13.85
2023.10.16,12.95
2023.10.17,10
2023.10.18,12.7
2023.10.19,14.55
2023.10.20,10.95
2023.10.21,7.65
2023.10.22,9
2023.10.23,12.1
2023.10.24,11.65
2023.10.25,13.05
2023.10.26,14.2
2023.10.27,13
2023.10.28,10.05
2023.10.29,10.55
2023.10.30,11.4
2023.10.31,12.9
2023.11.01,17
2023.11.02,19.25
2023.11.03,17.4
2023.11.04,16
2023.11.05,16.4
2023.11.06,13.5
2023.11.07,4.95
2023.11.08,5.75
2023.11.09,9.35
2023.11.10,3.75
2023.11.11,0.7
2023.11.12,-0.2
2023.11.13,0.3
2023.11.14,2.15
2023.11.15,3.55
2023.11.16,3.7
2023.11.17,1.35
2023.11.18,-0.15
2023.11.19,4.95
2023.11.20,3.7
2023.11.21,3.8
2023.11.22,6.4
2023.11.23,9.55
2023.11.24,-1.45
2023.11.25,-3
2023.11.26,1.55
2023.11.27,4.35
2023.11.28,1.1
2023.11.29,-2.15
2023.11.30,-5
2023.12.01,-4.95
2023.12.02,-0.75
2023.12.03,-0.95
2023.12.04,-0.55
2023.12.05,2.9
2023.12.06,3.7
2023.12.07,5.45
2023.12.08,8.95
2023.12.09,11.05
2023.12.10,8.85
2023.12.11,6.65
2023.12.12,3.5
2023.12.13,4.3
2023.12.14,5.8
2023.12.15,3.35
2023.12.16,-4.25
2023.12.17,-10.65
2023.12.18,-9.65
2023.12.19,-5.25
2023.12.20,-7.85
2023.12.21,-12.2
2023.12.22,-12.65
2023.12.23,-10.2
2023.12.24,-5.85
2023.12.25,-3.75
2023.12.26,-0.45
2023.12.27,-2.4
2023.12.28,-1.9
2023.12.29,-1.1
2023.12.30,-1.45
2023.12.31,1.1
2024.01.01,0.85
2024.01.02,1.3
2024.01.03,-0.1
2024.01.04,-1.2
2024.01.05,3.65
2024.01.06,-0.65
2024.01.07,-4.65
2024.01.08,-6.25
2024.01.09,-2.65
2024.01.10,-2.35
2024.01.11,0.1
2024.01.12,0.15
2024.01.13,-2.65
2024.01.14,-3.1
2024.01.15,-5.65
2024.01.16,-6
2024.01.17,-2.15
2024.01.18,3.1
2024.01.19,3.85
2024.01.20,1.65
2024.01.21,1.4
2024.01.22,-8.4
2024.01.23,-12.05
2024.01.24,-9.1
2024.01.25,-7.15
2024.01.26,-3.75
2024.01.27,-2.5
2024.01.28,-2.45
2024.01.29,-3.2
2024.01.30,-2.1
2024.01.31,2.4
2024.02.01,0.9
2024.02.02,1.65
2024.02.03,1.95
2024.02.04,3.6
2024.02.05,1.4
2024.02.06,0.15
2024.02.07,-0.1
2024.02.08,-1.25
2024.02.09,-0.75
2024.02.10,-0.4
2024.02.11,-0.75
2024.02.12,1.1
2024.02.13,6.35
2024.02.14,11.2
2024.02.15,4.4
2024.02.16,0.45
2024.02.17,1.5
2024.02.18,3.65
2024.02.19,7.9
2024.02.20,3.75
2024.02.21,0.95
2024.02.22,-0.5
2024.02.23,0.65
2024.02.24,0.65
2024.02.25,1.65
2024.02.26,1.75
2024.02.27,2.6
2024.02.28,3.85
2024.02.29,3.35
2024.03.01,-3.9
2024.03.02,-1.9
2024.03.03,3.5
2024.03.04,2.7
2024.03.05,5.35
2024.03.06,4.25
2024.03.07,1.8
2024.03.08,1.1
2024.03.09,0.75
2024.03.10,2.55
2024.03.11,3.6
2024.03.12,4.75
2024.03.13,4.55
2024.03.14,6.75
2024.03.15,8.25
2024.03.16,9.5
2024.03.17,8.7
2024.03.18,5.85
2024.03.19,5.6
2024.03.20,3.3
2024.03.21,3.85
2024.03.22,8.15
2024.03.23,11.6
2024.03.24,13.6
2024.03.25,8.7
2024.03.26,5.65
2024.03.27,9
2024.03.28,9.05
2024.03.29,7.05
2024.03.30,6.9
2024.03.31,8.7
2024.04.01,10.7
2024.04.02,13.4
2024.04.03,13.1
2024.04.04,13.4
2024.04.05,12.9
2024.04.06,11.5
2024.04.07,13.55
2024.04.08,15.25
2024.04.09,13.2
2024.04.10,12.45
2024.04.11,13.5
2024.04.12,15.95
2024.04.13,17.6
2024.04.14,19.65
2024.04.15,15.2
2024.04.16,13.5
2024.04.17,14.45
2024.04.18,16.75
2024.04.19,16.9
2024.04.20,13.15
2024.04.21,15.6
2024.04.22,16.85
2024.04.23,15.25
2024.04.24,12.55
2024.04.25,14.6
2024.04.26,16.9
2024.04.27,17.75
2024.04.28,18.7
2024.04.29,17.7
2024.04.30,16.9
2024.05.01,16.65
2024.05.02,16.65
2024.05.03,17.9
2024.05.04,19.6
2024.05.05,17.2
2024.05.06,14.2
2024.05.07,13.2
2024.05.08,14.2
2024.05.09,15.4
2024.05.10,16.6
2024.05.11,16
2024.05.12,15.65
2024.05.13,16.95
2024.05.14,17.3
2024.05.15,11.65
2024.05.16,13.1
2024.05.17,16.4
2024.05.18,19.1
2024.05.19,20.4
2024.05.20,18.7
2024.05.21,20.8
2024.05.22,19.8
2024.05.23,19.8
2024.05.24,19.25
2024.05.25,19.8
2024.05.26,19.2
2024.05.27,17.65
2024.05.28,18.15
2024.05.29,19.25
2024.05.30,18.5
2024.05.31,19.85
2024.06.01,20
2024.06.02,18.55
2024.06.03,19.25
2024.06.04,20.6
2024.06.05,22.1
2024.06.06,22.95
2024.06.07,21.95
2024.06.08,19.15
2024.06.09,21.95
2024.06.10,23.65
2024.06.11,24.85
2024.06.12,24.15
2024.06.13,24.85
2024.06.14,25.15
2024.06.15,23.1
2024.06.16,23.4
2024.06.17,22.95
2024.06.18,24.6
2024.06.19,26.25
2024.06.20,26.8
2024.06.21,26.1
2024.06.22,22.7
2024.06.23,24.5
2024.06.24,23.55
2024.06.25,22
2024.06.26,23.35
2024.06.27,23.5
2024.06.28,24.65
2024.06.29,24.5
2024.06.30,23.8
2024.07.01,24.7
2024.07.02,21.9
2024.07.03,23.9
2024.07.04,25.85
2024.07.05,23.65
2024.07.06,24.35
2024.07.07,23.65
2024.07.08,23.75
2024.07.09,23.75
2024.07.10,25.1
2024.07.11,25.2
2024.07.12,25.2
2024.07.13,26
2024.07.14,25.85
2024.07.15,26.65
2024.07.16,25.7
2024.07.17,24.95
2024.07.18,24.2
2024.07.19,26.3
2024.07.20,25.95
2024.07.21,26.05
2024.07.22,26.8
2024.07.23,25.85
2024.07.24,26.9
2024.07.25,27.7
2024.07.26,27.15
2024.07.27,27.7
2024.07.28,28.45
2024.07.29,26.5
2024.07.30,27.25
2024.07.31,28.35
2024.08.01,28.9
2024.08.02,29
2024.08.03,29.55
2024.08.04,29.55
2024.08.05,28.2
2024.08.06,26.6
2024.08.07,26.55
2024.08.08,26.85
2024.08.09,27.7
2024.08.10,27.55
2024.08.11,28.3
2024.08.12,29.05
2024.08.13,29.05
2024.08.14,29
2024.08.15,27.9
2024.08.16,28.3
2024.08.17,28.9
2024.08.18,28.2
2024.08.19,28.35
2024.08.20,29.1
2024.08.21,26.75
2024.08.22,27.35
2024.08.23,27.1
2024.08.24,26.6
2024.08.25,26.9
2024.08.26,26.35
2024.08.27,24.8
2024.08.28,25.85
2024.08.29,25.9
2024.08.30,26.05
2024.08.31,24.85
2024.09.01,24.85
2024.09.02,22.6
2024.09.03,24.2
2024.09.04,24.75
2024.09.05,24.6
2024.09.06,22.7
2024.09.07,24.05
2024.09.08,24.8
2024.09.09,26.2
2024.09.10,27.2
2024.09.11,27.15
2024.09.12,24.1
2024.09.13,24.8
2024.09.14,25.85
2024.09.15,24.9
2024.09.16,24.45
2024.09.17,27.1
2024.09.18,26.9
2024.09.19,26.85
2024.09.20,23.25
2024.09.21,18.05
2024.09.22,19.4
2024.09.23,18.5
2024.09.24,17.6
2024.09.25,20.5
2024.09.26,21.6
2024.09.27,21.15
2024.09.28,21.4
2024.09.29,20.55
2024.09.30,20.15
2024.10.01,16.55
2024.10.02,12.35
2024.10.03,13.4
2024.10.04,13.85
2024.10.05,14
2024.10.06,13
2024.10.07,14.95
2024.10.08,14.85
2024.10.09,15.9
2024.10.10,15.2
2024.10.11,15.25
2024.10.12,14.2
2024.10.13,15.15
2024.10.14,16.6
2024.10.15,17.05
2024.10.16,16.65
2024.10.17,15.85
2024.10.18,15.55
2024.10.19,15.5
2024.10.20,11
2024.10.21,12.25
2024.10.22,14.4
2024.10.23,11.7
2024.10.24,9.55
2024.10.25,12
2024.10.26,14.5
2024.10.27,14.35
2024.10.28,14.25
2024.10.29,13.65
2024.10.30,13.25
2024.10.31,12.85
2024.11.01,12.6
2024.11.02,16
2024.11.03,15
2024.11.04,13.95
2024.11.05,8.05
2024.11.06,5.1
2024.11.07,4.75
2024.11.08,6.9
2024.11.09,9.5
2024.11.10,10.95
2024.11.11,11.15
2024.11.12,11.4
2024.11.13,10.8
2024.11.14,12.35
2024.11.15,14.4
2024.11.16,15.3
2024.11.17,7.15
2024.11.18,1.05
2024.11.19,2.5
2024.11.20,3.5
2024.11.21,7.15
2024.11.22,4.25
2024.11.23,3.2
2024.11.24,3.5
2024.11.25,7.1
2024.11.26,5.4
2024.11.27,-1
2024.11.28,-0.55
2024.11.29,-2.15
2024.11.30,0.4
2024.12.01,2.5
2024.12.02,4.85
2024.12.03,0.25
2024.12.04,0.4
2024.12.05,1.35
2024.12.06,1.15
2024.12.07,-1.8
2024.12.08,-2.7
2024.12.09,-2.85
2024.12.10,-1.4
2024.12.11,0
2024.12.12,-1.8
2024.12.13,-0.9
2024.12.14,-2.85
2024.12.15,-0.45
2024.12.16,-2.6
2024.12.17,-3.05
2024.12.18,-5.55
2024.12.19,-5.1
2024.12.20,-2.8
2024.12.21,-2.1
2024.12.22,-7.35
2024.12.23,-5.6
2024.12.24,-4.25
2024.12.25,-1.35
2024.12.26,-0.9
2024.12.27,-4.65
2024.12.28,-4.9
2024.12.29,-2.45
2024.12.30,3.9
2024.12.31,-0.5
2025.01.01,-0.6
2025.01.02,-2.35
2025.01.03,-3.85
2025.01.04,-3.1
2025.01.05,-0.85
2025.01.06,-0.4
2025.01.07,-4.85
2025.01.08,-6.15
2025.01.09,-11.3
2025.01.10,-11.55
2025.01.11,-9
2025.01.12,-7.55
2025.01.13,-4.15
2025.01.14,0.85
2025.01.15,-5.25
2025.01.16,-3.85
2025.01.17,-3.05
2025.01.18,-3.4
2025.01.19,-0.85
2025.01.20,0.65
2025.01.21,-1.5
2025.01.22,0.6
2025.01.23,-1.75
2025.01.24,-0.55
2025.01.25,2.3
2025.01.26,1.7
2025.01.27,-1.4
2025.01.28,-5.2
2025.01.29,-6.2
2025.01.30,-6.35
2025.01.31,-2.35
2025.02.01,-0.8
2025.02.02,-0.5
2025.02.03,-4.3
2025.02.04,-9.6
2025.02.05,-9.6
2025.02.06,-8.6
2025.02.07,-9.45
2025.02.08,-9.85
2025.02.09,-7.6
2025.02.10,-5.9
2025.02.11,-3.4
2025.02.12,-1.05
2025.02.13,-2.05
2025.02.14,0.4
2025.02.15,0.5
2025.02.16,2.4
2025.02.17,-0.7
2025.02.18,-3.05
2025.02.19,-4.1
2025.02.20,-4.45
2025.02.21,-3.95
2025.02.22,-3.4
2025.02.23,-5
2025.02.24,-3.5
2025.02.25,-0.05
2025.02.26,3.15
2025.02.27,2.05
2025.02.28,3.65
2025.03.01,4.55
2025.03.02,4.5
2025.03.03,1.3
2025.03.04,0.8
2025.03.05,3.55
2025.03.06,2.9
2025.03.07,3.05
2025.03.08,4.55
2025.03.09,4.25
2025.03.10,5.55
2025.03.11,6.9
2025.03.12,7.4
2025.03.13,6.9
2025.03.14,9.15
2025.03.15,9.75
2025.03.16,3.2
2025.03.17,2
2025.03.18,1.25
2025.03.19,1.4
2025.03.20,6.75
2025.03.21,11.6
2025.03.22,12.1
2025.03.23,13.4
2025.03.24,14.45
2025.03.25,12.45
2025.03.26,12.85
2025.03.27,12.4
2025.03.28,6.05
2025.03.29,1.7
2025.03.30,1.95
2025.03.31,5.7
2025.04.01,7.65
2025.04.02,7
2025.04.03,7.85
2025.04.04,9.15
2025.04.05,6.85
2025.04.06,9.95
2025.04.07,11.9
2025.04.08,13.6
2025.04.09,11.15
2025.04.10,12.65
2025.04.11,14.6
2025.04.12,12.8
2025.04.13,4.1
2025.04.14,3.65
2025.04.15,7.4
2025.04.16,12.25
2025.04.17,18.9
2025.04.18,18.5
2025.04.19,16.1
2025.04.20,16.85
2025.04.21,18.85
2025.04.22,16.3
2025.04.23,16.15
2025.04.24,14.15
2025.04.25,11.45
2025.04.26,13
2025.04.27,15.15
2025.04.28,13.7
2025.04.29,12.9
2025.04.30,16.1
2025.05.01,12.35
2025.05.02,13.25
2025.05.03,10.05
2025.05.04,13.2
2025.05.05,10.2
2025.05.06,12.8
2025.05.07,13.95
2025.05.08,16.3
2025.05.09,14.05
2025.05.10,12.55
2025.05.11,14.65
2025.05.12,15.35
2025.05.13,17.25
2025.05.14,18.55
2025.05.15,18.95
2025.05.16,19.2
2025.05.17,18.55
2025.05.18,15.55
2025.05.19,15.35
2025.05.20,21.65
2025.05.21,24.6
2025.05.22,20.9
2025.05.23,17.35
2025.05.24,14.2
2025.05.25,16.4
2025.05.26,18
2025.05.27,19.55
2025.05.28,19.1
2025.05.29,19.35
2025.05.30,19.5
2025.05.31,19.25
2025.06.01,21.3
2025.06.02,19.2
2025.06.03,20.45
2025.06.04,19
2025.06.05,20.05
2025.06.06,21.85
2025.06.07,22.1
2025.06.08,24.55
2025.06.09,24.1
2025.06.10,21.55
2025.06.11,21.8
2025.06.12,23.4
2025.06.13,22.3
2025.06.14,24.75
2025.06.15,25.65
2025.06.16,23.05
2025.06.17,23.4
2025.06.18,24.15
2025.06.19,26.05
2025.06.20,23.55
2025.06.21,21.95
2025.06.22,23.1
2025.06.23,24.45
2025.06.24,22.7
2025.06.25,19.85
2025.06.26,21.8
2025.06.27,23.45
2025.06.28,24.7
2025.06.29,26.45
2025.06.30,26.95
2025.07.01,27.2
2025.07.02,27.2
2025.07.03,27.3
2025.07.04,25.7
2025.07.05,27.2
2025.07.06,27.35
2025.07.07,28.7
2025.07.08,28.7
2025.07.09,29.15
2025.07.10,27.9
2025.07.11,26.8
2025.07.12,26.55
2025.07.13,24.5
2025.07.14,22.4
2025.07.15,22.3
2025.07.16,22.1
2025.07.17,22.9
2025.07.18,23.95
2025.07.19,23.8
2025.07.20,26.55
2025.07.21,27.1
2025.07.22,26.85
2025.07.23,26.75
2025.07.24,27.6
2025.07.25,28.05
2025.07.26,28.9
2025.07.27,29.4
2025.07.28,29.15
2025.07.29,29.5
2025.07.30,29
2025.07.31,28.25
2025.08.01,28.75
2025.08.02,28.7
2025.08.03,27.15
2025.08.04,27.05
2025.08.05,28
2025.08.06,26.4
2025.08.07,26.75
2025.08.08,25.7
2025.08.09,23.55
2025.08.10,25.15
2025.08.11,24.65
2025.08.12,25.85
2025.08.13,24.05
2025.08.14,25.05
2025.08.15,26.1
2025.08.16,27.05
2025.08.17,26.95
2025.08.18,27.65
2025.08.19,27.9
2025.08.20,27.75
2025.08.21,27.9
2025.08.22,27.85
2025.08.23,27.35
2025.08.24,28.05
2025.08.25,28.1
2025.08.26,26.4
2025.08.27,25.15
2025.08.28,26.45
2025.08.29,27.8
2025.08.30,27
2025.08.31,25.35
2025.09.01,25.55
2025.09.02,24.65
2025.09.03,25.15
2025.09.04,24.2
2025.09.05,25.9
2025.09.06,25.75
2025.09.07,24.35
2025.09.08,22.3
2025.09.09,21.5
2025.09.10,22
2025.09.11,22.6
2025.09.12,21.65
2025.09.13,21.6
2025.09.14,22.3
2025.09.15,22.6
2025.09.16,22.1
2025.09.17,21.4
2025.09.18,20
2025.09.19,17.9
2025.09.20,18.95
2025.09.21,19.8
2025.09.22,18.5
2025.09.23,20.95
2025.09.24,20.95
2025.09.25,21.25
2025.09.26,19.85
2025.09.27,19.75
2025.09.28,18.55
2025.09.29,18.8
2025.09.30,17.85
2025.10.01,18.3
2025.10.02,19.45
2025.10.03,19.6
2025.10.04,21.15
2025.10.05,20.05
2025.10.06,16.85
2025.10.07,17.55
2025.10.08,20.5
2025.10.09,18.5
2025.10.10,16.05
2025.10.11,18
2025.10.12,18.1
2025.10.13,14.65
2025.10.14,16.7
2025.10.15,18.45
2025.10.16,18.45
2025.10.17,17.85
2025.10.18,16.1
2025.10.19,14.1
2025.10.20,10.45
2025.10.21,9.45
2025.10.22,11.85
2025.10.23,13.3
2025.10.24,13.8
2025.10.25,12.95
2025.10.26,11.4
2025.10.27,6.4
2025.10.28,5.1
2025.10.29,7.5
2025.10.30,9.25
2025.10.31,12.3
2025.11.01,12.25
2025.11.02,6.95
2025.11.03,4.4
2025.11.04,7.25
2025.11.05,7.8
2025.11.06,8.6
2025.11.07,10.45
2025.11.08,11.95
2025.11.09,11.7
2025.11.10,7.15
2025.11.11,5.65
2025.11.12,6.7
2025.11.13,7.55
2025.11.14,5.3
2025.11.15,5
2025.11.16,8.75
2025.11.17,3.1
2025.11.18,-0.25
2025.11.19,-0.3
2025.11.20,4.7
2025.11.21,5.2
2025.11.22,6
2025.11.23,7.95
2025.11.24,10.35
2025.11.25,6.15
2025.11.26,4.8
2025.11.27,3.1
2025.11.28,0.8
2025.11.29,3.35
2025.11.30,10.95
2025.12.01,5.2
2025.12.02,-0.7
2025.12.03,-6.85
2025.12.04,-5.45
2025.12.05,-5.6
2025.12.06,-0.55
2025.12.07,6.6
2025.12.08,2.05
2025.12.09,-0.55
2025.12.10,1.75
2025.12.11,2.8
2025.12.12,0.5
2025.12.13,0.85
2025.12.14,-1.85
2025.12.15,-3.15
2025.12.16,1.2
2025.12.17,2
2025.12.18,-1.85
2025.12.19,-0.6
2025.12.20,4.7
2025.12.21,-2
2025.12.22,-3.75
2025.12.23,-1.4
2025.12.24,1.1
2025.12.25,-3.85
2025.12.26,-9.7
2025.12.27,-6.05
2025.12.28,0.75
2025.12.29,2.75
2025.12.30,-1.8
2025.12.31,-6.15
2026.01.01,-8.7
2026.01.02,-9.65
2026.01.03,-6.85
2026.01.04,-1.6
2026.01.05,-3.65
2026.01.06,-3.8
2026.01.07,-1.35
2026.01.08,-6.75
2026.01.09,-3.2
2026.01.10,1.15
2026.01.11,-7.65
2026.01.12,-5.9
2026.01.13,-4.05
2026.01.14,-6.7
2026.01.15,2.05
2026.01.16,1.15
2026.01.17,-0.75
2026.01.18,-1.5
2026.01.19,-3.7
2026.01.20,-9.75
2026.01.21,-10.9
2026.01.22,-10.5
2026.01.23,-7.8
2026.01.24,-6.55
2026.01.25,-8.3
2026.01.26,-7.1
2026.01.27,-5.55
2026.01.28,-7.1
2026.01.29,-6.95
2026.01.30,-7.9
2026.01.31,-6.6
2026.02.01,-4.2
2026.02.02,-4.45
2026.02.03,-3.95
2026.02.04,0.05
2026.02.05,2.2
2026.02.06,-5.7
2026.02.07,-8.55
2026.02.08,-9.45
2026.02.09,-5.8
2026.02.10,-1.55
2026.02.11,1.7
2026.02.12,0.6
2026.02.13,2.85
2026.02.14,4.5
2026.02.15,5.6
2026.02.16,1.05
2026.02.17,0.15
2026.02.18,1.25
2026.02.19,0
2026.02.20,2.75
2026.02.21,7.75
2026.02.22,6.25
2026.02.23,1.65
2026.02.24,0.5
2026.02.25,3.1
2026.02.26,5.15
2026.02.27,6.2
2026.02.28,6.05
2026.03.01,6.35
2026.03.02,3.4
2026.03.03,3.95
2026.03.04,4.15
2026.03.05,4.4
2026.03.06,1.3
2026.03.07,0
2026.03.08,0.4
2026.03.09,3.05
2026.03.10,2.1
2026.03.11,2.85
2026.03.12,4.6
2026.03.13,5.45
2026.03.14,6.1
2026.03.15,5.85
2026.03.16,5.35
2026.03.17,6.35
2026.03.18,4.8
2026.03.19,4.8
2026.03.20,6.1
2026.03.21,6.25
2026.03.22,8.55
2026.03.23,9.55
2026.03.24,10.7
2026.03.25,11.85
2026.03.26,11.45
2026.03.27,11
2026.03.28,11.25
2026.03.29,11.6
2026.03.30,12.95
2026.03.31,12.05
2026.04.01,10.7
2026.04.02,10.45
2026.04.03,13.7
2026.04.04,13.15
2026.04.05,11.15
2026.04.06,9.2
2026.04.07,7.2
2026.04.08,8.5
2026.04.09,8.55
2026.04.10,10.15
2026.04.11,11.2
2026.04.12,13.6
2026.04.13,16.85
2026.04.14,17.65
2026.04.15,17.1
2026.04.16,17.25
2026.04.17,16.05
2026.04.18,17.15
2026.04.19,19.45
2026.04.20,12.4
2026.04.21,10.65
2026.04.22,12.6
2026.04.23,14.75
2026.04.24,15
2026.04.25,15.85
2026.04.26,15.95
