날짜,가격
2020-12-31,60002.0
2021-01-01,60002.0
2021-01-02,60002.0
2021-01-03,60002.0
2021-01-04,59863.0
2021-01-05,59877.0
2021-01-06,59853.0
2021-01-07,59709.0
2021-01-08,59733.0
2021-01-09,59733.0
2021-01-10,59733.0
2021-01-11,59733.0
2021-01-12,59723.0
2021-01-13,59870.0
2021-01-14,59800.0
2021-01-15,59835.0
2021-01-16,59835.0
2021-01-17,59835.0
2021-01-18,59835.0
2021-01-19,59870.0
2021-01-20,59916.0
2021-01-21,59986.0
2021-01-22,59961.0
2021-01-23,59961.0
2021-01-24,59961.0
2021-01-25,59961.0
2021-01-26,59968.0
2021-01-27,59968.0
2021-01-28,61059.0
2021-01-29,61059.0
2021-01-30,61059.0
2021-01-31,61059.0
2021-02-01,61059.0
2021-02-02,61059.0
2021-02-03,61105.0
2021-02-04,60195.0
2021-02-05,60214.0
2021-02-06,60214.0
2021-02-07,60214.0
2021-02-08,60168.0
2021-02-09,60184.0
2021-02-10,60184.0
2021-02-11,60184.0
2021-02-12,60184.0
2021-02-13,60184.0
2021-02-14,60184.0
2021-02-15,60184.0
2021-02-16,60184.0
2021-02-17,60252.0
2021-02-18,60252.0
2021-02-19,60298.0
2021-02-20,60298.0
2021-02-21,60298.0
2021-02-22,60298.0
2021-02-23,60273.0
2021-02-24,60273.0
2021-02-25,60273.0
2021-02-26,60273.0
2021-02-27,60273.0
2021-02-28,60273.0
2021-03-01,60273.0
2021-03-02,59818.0
2021-03-03,59809.0
2021-03-04,59832.0
2021-03-05,59884.0
2021-03-06,59884.0
2021-03-07,59884.0
2021-03-08,59900.0
2021-03-09,59855.0
2021-03-10,59855.0
2021-03-11,60036.0
2021-03-12,60036.0
2021-03-13,60036.0
2021-03-14,60036.0
2021-03-15,60095.0
2021-03-16,60095.0
2021-03-17,60005.0
2021-03-18,59595.0
2021-03-19,59639.0
2021-03-20,59639.0
2021-03-21,59639.0
2021-03-22,59723.0
2021-03-23,59714.0
2021-03-24,59866.0
2021-03-25,60373.0
2021-03-26,60366.0
2021-03-27,60366.0
2021-03-28,60366.0
2021-03-29,60402.0
2021-03-30,60441.0
2021-03-31,60450.0
2021-04-01,60255.0
2021-04-02,60255.0
2021-04-03,60255.0
2021-04-04,60255.0
2021-04-05,60255.0
2021-04-06,60255.0
2021-04-07,60186.0
2021-04-08,60630.0
2021-04-09,60759.0
2021-04-10,60759.0
2021-04-11,60759.0
2021-04-12,60768.0
2021-04-13,60768.0
2021-04-14,60700.0
2021-04-15,59495.0
2021-04-16,59495.0
2021-04-17,59495.0
2021-04-18,59495.0
2021-04-19,59564.0
2021-04-20,59564.0
2021-04-21,59564.0
2021-04-22,59564.0
2021-04-23,59518.0
2021-04-24,59518.0
2021-04-25,59518.0
2021-04-26,59564.0
2021-04-27,59564.0
2021-04-28,59564.0
2021-04-29,59745.0
2021-04-30,59765.0
2021-05-01,59765.0
2021-05-02,59765.0
2021-05-03,59798.0
2021-05-04,59798.0
2021-05-05,59798.0
2021-05-06,60934.0
2021-05-07,60957.0
2021-05-08,60957.0
2021-05-09,60957.0
2021-05-10,60895.0
2021-05-11,60945.0
2021-05-12,61014.0
2021-05-13,60945.0
2021-05-14,60945.0
2021-05-15,60945.0
2021-05-16,60945.0
2021-05-17,61002.0
2021-05-18,61002.0
2021-05-19,61002.0
2021-05-20,61707.0
2021-05-21,61548.0
2021-05-22,61548.0
2021-05-23,61548.0
2021-05-24,61548.0
2021-05-25,61548.0
2021-05-26,61548.0
2021-05-27,61661.0
2021-05-28,61707.0
2021-05-29,61707.0
2021-05-30,61707.0
2021-05-31,61480.0
2021-06-01,61684.0
2021-06-02,61502.0
2021-06-03,61048.0
2021-06-04,61048.0
2021-06-05,61048.0
2021-06-06,61048.0
2021-06-07,61048.0
2021-06-08,61048.0
2021-06-09,61116.0
2021-06-10,61132.0
2021-06-11,61132.0
2021-06-12,61132.0
2021-06-13,61132.0
2021-06-14,61132.0
2021-06-15,61132.0
2021-06-16,61041.0
2021-06-17,61041.0
2021-06-18,61041.0
2021-06-19,61041.0
2021-06-20,61041.0
2021-06-21,61245.0
2021-06-22,61359.0
2021-06-23,61511.0
2021-06-24,61511.0
2021-06-25,61375.0
2021-06-26,61375.0
2021-06-27,61375.0
2021-06-28,61057.0
2021-06-29,61602.0
2021-06-30,61625.0
2021-07-01,61625.0
2021-07-02,61632.0
2021-07-03,61632.0
2021-07-04,61632.0
2021-07-05,61632.0
2021-07-06,61677.0
2021-07-07,61745.0
2021-07-08,61745.0
2021-07-09,61745.0
2021-07-10,61745.0
2021-07-11,61745.0
2021-07-12,61752.0
2021-07-13,61752.0
2021-07-14,61684.0
2021-07-15,61684.0
2021-07-16,61700.0
2021-07-17,61700.0
2021-07-18,61700.0
2021-07-19,61750.0
2021-07-20,61757.0
2021-07-21,61825.0
2021-07-22,61780.0
2021-07-23,61780.0
2021-07-24,61780.0
2021-07-25,61780.0
2021-07-26,61780.0
2021-07-27,61780.0
2021-07-28,61711.0
2021-07-29,61711.0
2021-07-30,61711.0
2021-07-31,61711.0
2021-08-01,61711.0
2021-08-02,61711.0
2021-08-03,61711.0
2021-08-04,61780.0
2021-08-05,61666.0
2021-08-06,61675.0
2021-08-07,61675.0
2021-08-08,61675.0
2021-08-09,61570.0
2021-08-10,61570.0
2021-08-11,61502.0
2021-08-12,60839.0
2021-08-13,60839.0
2021-08-14,60839.0
2021-08-15,60839.0
2021-08-16,60839.0
2021-08-17,60839.0
2021-08-18,60839.0
2021-08-19,60952.0
2021-08-20,60952.0
2021-08-21,60952.0
2021-08-22,60952.0
2021-08-23,60952.0
2021-08-24,60952.0
2021-08-25,60998.0
2021-08-26,61632.0
2021-08-27,61623.0
2021-08-28,61623.0
2021-08-29,61623.0
2021-08-30,61623.0
2021-08-31,61639.0
2021-09-01,61670.0
2021-09-02,59827.0
2021-09-03,59849.0
2021-09-04,59849.0
2021-09-05,59849.0
2021-09-06,59682.0
2021-09-07,59463.0
2021-09-08,59463.0
2021-09-09,59600.0
2021-09-10,59463.0
2021-09-11,59463.0
2021-09-12,59463.0
2021-09-13,57941.0
2021-09-14,55782.0
2021-09-15,55736.0
2021-09-16,55191.0
2021-09-17,55191.0
2021-09-18,55191.0
2021-09-19,55191.0
2021-09-20,55191.0
2021-09-21,55191.0
2021-09-22,55191.0
2021-09-23,55191.0
2021-09-24,55077.0
2021-09-25,55077.0
2021-09-26,55077.0
2021-09-27,55066.0
2021-09-28,55009.0
2021-09-29,55055.0
2021-09-30,54948.0
2021-10-01,54811.0
2021-10-02,54811.0
2021-10-03,54811.0
2021-10-04,54811.0
2021-10-05,54812.0
2021-10-06,54765.0
2021-10-07,54748.0
2021-10-08,54691.0
2021-10-09,54691.0
2021-10-10,54691.0
2021-10-11,54691.0
2021-10-12,55452.0
2021-10-13,55721.0
2021-10-14,55926.0
2021-10-15,55995.0
2021-10-16,55995.0
2021-10-17,55995.0
2021-10-18,55329.0
2021-10-19,55602.0
2021-10-20,55438.0
2021-10-21,55344.0
2021-10-22,55288.0
2021-10-23,55288.0
2021-10-24,55288.0
2021-10-25,55218.0
2021-10-26,55402.0
2021-10-27,55433.0
2021-10-28,55561.0
2021-10-29,55592.0
2021-10-30,55592.0
2021-10-31,55592.0
2021-11-01,55605.0
2021-11-02,55660.0
2021-11-03,55486.0
2021-11-04,55411.0
2021-11-05,55389.0
2021-11-06,55389.0
2021-11-07,55389.0
2021-11-08,55389.0
2021-11-09,55389.0
2021-11-10,55480.0
2021-11-11,55480.0
2021-11-12,55480.0
2021-11-13,55480.0
2021-11-14,55480.0
2021-11-15,55470.0
2021-11-16,55402.0
2021-11-17,55357.0
2021-11-18,55348.0
2021-11-19,55320.0
2021-11-20,55320.0
2021-11-21,55320.0
2021-11-22,55320.0
2021-11-23,55320.0
2021-11-24,55207.0
2021-11-25,55200.0
2021-11-26,55223.0
2021-11-27,55223.0
2021-11-28,55223.0
2021-11-29,55223.0
2021-11-30,55223.0
2021-12-01,55223.0
2021-12-02,55314.0
2021-12-03,55314.0
2021-12-04,55314.0
2021-12-05,55314.0
2021-12-06,55314.0
2021-12-07,55298.0
2021-12-08,55298.0
2021-12-09,55182.0
2021-12-10,55143.0
2021-12-11,55143.0
2021-12-12,55143.0
2021-12-13,55143.0
2021-12-14,55143.0
2021-12-15,55098.0
2021-12-16,55086.0
2021-12-17,55086.0
2021-12-18,55086.0
2021-12-19,55086.0
2021-12-20,55061.0
2021-12-21,55061.0
2021-12-22,55061.0
2021-12-23,55152.0
2021-12-24,55061.0
2021-12-25,55061.0
2021-12-26,55061.0
2021-12-27,55061.0
2021-12-28,55061.0
2021-12-29,55061.0
2021-12-30,55061.0
2021-12-31,55000.0
2022-01-01,55000.0
2022-01-02,55000.0
2022-01-03,54855.0
2022-01-04,54891.0
2022-01-05,54868.0
2022-01-06,54936.0
2022-01-07,54936.0
2022-01-08,54936.0
2022-01-09,54936.0
2022-01-10,54232.0
2022-01-11,54111.0
2022-01-12,54134.0
2022-01-13,52702.0
2022-01-14,52680.0
2022-01-15,52680.0
2022-01-16,52680.0
2022-01-17,52680.0
2022-01-18,52664.0
2022-01-19,52664.0
2022-01-20,52732.0
2022-01-21,52664.0
2022-01-22,52664.0
2022-01-23,52664.0
2022-01-24,52650.0
2022-01-25,52650.0
2022-01-26,52650.0
2022-01-27,52650.0
2022-01-28,52650.0
2022-01-29,52650.0
2022-01-30,52650.0
2022-01-31,52650.0
2022-02-01,52650.0
2022-02-02,52650.0
2022-02-03,52686.0
2022-02-04,52686.0
2022-02-05,52686.0
2022-02-06,52686.0
2022-02-07,52686.0
2022-02-08,52686.0
2022-02-09,52641.0
2022-02-10,52627.0
2022-02-11,52632.0
2022-02-12,52632.0
2022-02-13,52632.0
2022-02-14,52632.0
2022-02-15,52609.0
2022-02-16,52518.0
2022-02-17,52518.0
2022-02-18,52518.0
2022-02-19,52518.0
2022-02-20,52518.0
2022-02-21,52550.0
2022-02-22,52550.0
2022-02-23,52550.0
2022-02-24,52550.0
2022-02-25,52550.0
2022-02-26,52550.0
2022-02-27,52550.0
2022-02-28,52550.0
2022-03-01,52550.0
2022-03-02,52532.0
2022-03-03,52532.0
2022-03-04,52532.0
2022-03-05,52532.0
2022-03-06,52532.0
2022-03-07,52532.0
2022-03-08,52532.0
2022-03-09,52532.0
2022-03-10,52532.0
2022-03-11,52532.0
2022-03-12,52532.0
2022-03-13,52532.0
2022-03-14,52532.0
2022-03-15,52500.0
2022-03-16,52409.0
2022-03-17,52409.0
2022-03-18,52409.0
2022-03-19,52409.0
2022-03-20,52409.0
2022-03-21,52500.0
2022-03-22,52432.0
2022-03-23,52432.0
2022-03-24,52432.0
2022-03-25,52432.0
2022-03-26,52432.0
2022-03-27,52432.0
2022-03-28,52432.0
2022-03-29,52393.0
2022-03-30,52302.0
2022-03-31,52302.0
2022-04-01,53211.0
2022-04-02,53211.0
2022-04-03,53211.0
2022-04-04,52302.0
2022-04-05,52159.0
2022-04-06,52211.0
2022-04-07,52211.0
2022-04-08,52211.0
2022-04-09,52211.0
2022-04-10,52211.0
2022-04-11,52211.0
2022-04-12,52211.0
2022-04-13,52098.0
2022-04-14,52098.0
2022-04-15,51986.0
2022-04-16,51986.0
2022-04-17,51986.0
2022-04-18,51880.0
2022-04-19,51880.0
2022-04-20,51880.0
2022-04-21,51698.0
2022-04-22,51675.0
2022-04-23,51675.0
2022-04-24,51675.0
2022-04-25,51743.0
2022-04-26,51743.0
2022-04-27,51743.0
2022-04-28,51832.0
2022-04-29,51795.0
2022-04-30,51795.0
2022-05-01,51795.0
2022-05-02,51705.0
2022-05-03,51645.0
2022-05-04,51511.0
2022-05-05,51511.0
2022-05-06,51320.0
2022-05-07,51320.0
2022-05-08,51320.0
2022-05-09,51291.0
2022-05-10,51216.0
2022-05-11,51066.0
2022-05-12,51059.0
2022-05-13,51059.0
2022-05-14,51059.0
2022-05-15,51059.0
2022-05-16,51059.0
2022-05-17,51059.0
2022-05-18,51195.0
2022-05-19,51432.0
2022-05-20,51325.0
2022-05-21,51325.0
2022-05-22,51325.0
2022-05-23,51325.0
2022-05-24,51225.0
2022-05-25,51034.0
2022-05-26,51034.0
2022-05-27,51034.0
2022-05-28,51034.0
2022-05-29,51034.0
2022-05-30,51027.0
2022-05-31,51027.0
2022-06-01,51027.0
2022-06-02,51050.0
2022-06-03,51050.0
2022-06-04,51050.0
2022-06-05,51050.0
2022-06-06,51050.0
2022-06-07,51050.0
2022-06-08,51170.0
2022-06-09,51148.0
2022-06-10,51148.0
2022-06-11,51148.0
2022-06-12,51148.0
2022-06-13,51095.0
2022-06-14,51086.0
2022-06-15,50905.0
2022-06-16,50905.0
2022-06-17,50905.0
2022-06-18,50905.0
2022-06-19,50905.0
2022-06-20,51057.0
2022-06-21,50989.0
2022-06-22,50989.0
2022-06-23,50989.0
2022-06-24,50989.0
2022-06-25,50989.0
2022-06-26,50989.0
2022-06-27,50989.0
2022-06-28,50966.0
2022-06-29,50664.0
2022-06-30,50664.0
2022-07-01,50664.0
2022-07-02,50664.0
2022-07-03,50664.0
2022-07-04,50664.0
2022-07-05,50657.0
2022-07-06,50745.0
2022-07-07,50745.0
2022-07-08,50745.0
2022-07-09,50745.0
2022-07-10,50745.0
2022-07-11,50745.0
2022-07-12,50745.0
2022-07-13,50655.0
2022-07-14,50639.0
2022-07-15,50639.0
2022-07-16,50639.0
2022-07-17,50639.0
2022-07-18,50552.0
2022-07-19,50552.0
2022-07-20,50643.0
2022-07-21,50643.0
2022-07-22,50643.0
2022-07-23,50643.0
2022-07-24,50643.0
2022-07-25,50636.0
2022-07-26,50552.0
2022-07-27,50552.0
2022-07-28,50552.0
2022-07-29,50530.0
2022-07-30,50530.0
2022-07-31,50530.0
2022-08-01,50530.0
2022-08-02,50523.0
2022-08-03,50386.0
2022-08-04,50034.0
2022-08-05,49973.0
2022-08-06,49973.0
2022-08-07,49973.0
2022-08-08,49998.0
2022-08-09,49891.0
2022-08-10,50023.0
2022-08-11,49616.0
2022-08-12,49502.0
2022-08-13,49502.0
2022-08-14,49502.0
2022-08-15,49502.0
2022-08-16,49450.0
2022-08-17,49311.0
2022-08-18,49002.0
2022-08-19,48934.0
2022-08-20,48934.0
2022-08-21,48934.0
2022-08-22,48934.0
2022-08-23,48898.0
2022-08-24,48882.0
2022-08-25,47859.0
2022-08-26,47827.0
2022-08-27,47827.0
2022-08-28,47827.0
2022-08-29,47827.0
2022-08-30,47784.0
2022-08-31,47830.0
2022-09-01,48600.0
2022-09-02,48593.0
2022-09-03,48593.0
2022-09-04,48593.0
2022-09-05,48593.0
2022-09-06,48389.0
2022-09-07,48230.0
2022-09-08,48230.0
2022-09-09,48230.0
2022-09-10,48230.0
2022-09-11,48230.0
2022-09-12,48230.0
2022-09-13,48434.0
2022-09-14,48457.0
2022-09-15,48502.0
2022-09-16,48502.0
2022-09-17,48502.0
2022-09-18,48502.0
2022-09-19,48414.0
2022-09-20,48345.0
2022-09-21,48345.0
2022-09-22,48345.0
2022-09-23,48334.0
2022-09-24,48334.0
2022-09-25,48334.0
2022-09-26,48311.0
2022-09-27,48142.0
2022-09-28,47893.0
2022-09-29,48538.0
2022-09-30,48735.0
2022-10-01,48735.0
2022-10-02,48735.0
2022-10-03,48735.0
2022-10-04,48650.0
2022-10-05,48851.0
2022-10-06,47657.0
2022-10-07,47611.0
2022-10-08,47611.0
2022-10-09,47611.0
2022-10-10,47611.0
2022-10-11,48144.0
2022-10-12,48035.0
2022-10-13,48342.0
2022-10-14,48349.0
2022-10-15,48349.0
2022-10-16,48349.0
2022-10-17,49116.0
2022-10-18,49126.0
2022-10-19,49651.0
2022-10-20,50325.0
2022-10-21,50611.0
2022-10-22,50611.0
2022-10-23,50611.0
2022-10-24,50549.0
2022-10-25,50694.0
2022-10-26,51334.0
2022-10-27,53016.0
2022-10-28,53075.0
2022-10-29,53075.0
2022-10-30,53075.0
2022-10-31,53189.0
2022-11-01,53205.0
2022-11-02,53205.0
2022-11-03,52886.0
2022-11-04,52852.0
2022-11-05,52852.0
2022-11-06,52852.0
2022-11-07,53284.0
2022-11-08,53170.0
2022-11-09,53186.0
2022-11-10,52982.0
2022-11-11,53050.0
2022-11-12,53050.0
2022-11-13,53050.0
2022-11-14,53055.0
2022-11-15,52959.0
2022-11-16,53193.0
2022-11-17,53193.0
2022-11-18,53193.0
2022-11-19,53193.0
2022-11-20,53193.0
2022-11-21,53307.0
2022-11-22,53291.0
2022-11-23,53291.0
2022-11-24,53791.0
2022-11-25,53791.0
2022-11-26,53791.0
2022-11-27,53791.0
2022-11-28,53791.0
2022-11-29,53791.0
2022-11-30,53791.0
2022-12-01,51245.0
2022-12-02,51245.0
2022-12-03,51245.0
2022-12-04,51245.0
2022-12-05,51245.0
2022-12-06,51245.0
2022-12-07,51123.0
2022-12-08,53116.0
2022-12-09,53025.0
2022-12-10,53025.0
2022-12-11,53025.0
2022-12-12,52389.0
2022-12-13,52425.0
2022-12-14,52391.0
2022-12-15,53027.0
2022-12-16,53020.0
2022-12-17,53020.0
2022-12-18,53020.0
2022-12-19,52748.0
2022-12-20,52925.0
2022-12-21,53084.0
2022-12-22,51402.0
2022-12-23,51323.0
2022-12-24,51323.0
2022-12-25,51323.0
2022-12-26,51361.0
2022-12-27,51402.0
2022-12-28,51357.0
2022-12-29,50020.0
2022-12-30,50020.0
2022-12-31,50020.0
2023-01-01,50020.0
2023-01-02,50027.0
2023-01-03,50027.0
2023-01-04,49982.0
2023-01-05,50209.0
2023-01-06,50209.0
2023-01-07,50209.0
2023-01-08,50209.0
2023-01-09,50300.0
2023-01-10,50300.0
2023-01-11,50284.0
2023-01-12,50648.0
2023-01-13,50648.0
2023-01-14,50648.0
2023-01-15,50648.0
2023-01-16,50586.0
2023-01-17,50586.0
2023-01-18,50484.0
2023-01-19,50484.0
2023-01-20,50484.0
2023-01-21,50484.0
2023-01-22,50484.0
2023-01-23,50484.0
2023-01-24,50484.0
2023-01-25,50484.0
2023-01-26,51520.0
2023-01-27,51407.0
2023-01-28,51407.0
2023-01-29,51407.0
2023-01-30,51407.0
2023-01-31,51439.0
2023-02-01,51552.0
2023-02-02,51575.0
2023-02-03,51575.0
2023-02-04,51575.0
2023-02-05,51575.0
2023-02-06,51577.0
2023-02-07,51477.0
2023-02-08,51023.0
2023-02-09,51045.0
2023-02-10,51045.0
2023-02-11,51045.0
2023-02-12,51045.0
2023-02-13,51030.0
2023-02-14,51016.0
2023-02-15,50857.0
2023-02-16,50152.0
2023-02-17,50152.0
2023-02-18,50152.0
2023-02-19,50152.0
2023-02-20,50152.0
2023-02-21,50152.0
2023-02-22,50311.0
2023-02-23,50357.0
2023-02-24,50357.0
2023-02-25,50357.0
2023-02-26,50357.0
2023-02-27,50370.0
2023-02-28,50370.0
2023-03-01,50370.0
2023-03-02,51848.0
2023-03-03,51864.0
2023-03-04,51864.0
2023-03-05,51864.0
2023-03-06,51825.0
2023-03-07,51825.0
2023-03-08,51857.0
2023-03-09,52220.0
2023-03-10,52220.0
2023-03-11,52220.0
2023-03-12,52220.0
2023-03-13,52220.0
2023-03-14,52220.0
2023-03-15,52048.0
2023-03-16,51025.0
2023-03-17,51025.0
2023-03-18,51025.0
2023-03-19,51025.0
2023-03-20,51025.0
2023-03-21,50905.0
2023-03-22,51009.0
2023-03-23,50645.0
2023-03-24,50645.0
2023-03-25,50645.0
2023-03-26,50645.0
2023-03-27,50645.0
2023-03-28,50645.0
2023-03-29,50645.0
2023-03-30,51555.0
2023-03-31,51668.0
2023-04-01,51668.0
2023-04-02,51668.0
2023-04-03,51532.0
2023-04-04,51509.0
2023-04-05,51509.0
2023-04-06,51145.0
2023-04-07,51145.0
2023-04-08,51145.0
2023-04-09,51145.0
2023-04-10,50995.0
2023-04-11,50989.0
2023-04-12,50898.0
2023-04-13,50898.0
2023-04-14,51239.0
2023-04-15,51239.0
2023-04-16,51239.0
2023-04-17,51450.0
2023-04-18,51398.0
2023-04-19,51489.0
2023-04-20,51852.0
2023-04-21,51898.0
2023-04-22,51898.0
2023-04-23,51898.0
2023-04-24,51995.0
2023-04-25,51882.0
2023-04-26,51768.0
2023-04-27,51995.0
2023-04-28,51995.0
2023-04-29,51995.0
2023-04-30,51995.0
2023-05-01,51995.0
2023-05-02,51905.0
2023-05-03,51920.0
2023-05-04,52057.0
2023-05-05,52057.0
2023-05-06,52057.0
2023-05-07,52057.0
2023-05-08,52000.0
2023-05-09,51970.0
2023-05-10,52007.0
2023-05-11,52027.0
2023-05-12,52027.0
2023-05-13,52027.0
2023-05-14,52027.0
2023-05-15,52041.0
2023-05-16,52041.0
2023-05-17,52132.0
2023-05-18,51450.0
2023-05-19,51464.0
2023-05-20,51464.0
2023-05-21,51464.0
2023-05-22,51464.0
2023-05-23,51464.0
2023-05-24,51464.0
2023-05-25,51525.0
2023-05-26,51539.0
2023-05-27,51539.0
2023-05-28,51539.0
2023-05-29,51539.0
2023-05-30,51539.0
2023-05-31,51539.0
2023-06-01,50561.0
2023-06-02,50561.0
2023-06-03,50561.0
2023-06-04,50561.0
2023-06-05,50534.0
2023-06-06,50534.0
2023-06-07,50534.0
2023-06-08,50564.0
2023-06-09,50580.0
2023-06-10,50580.0
2023-06-11,50580.0
2023-06-12,50580.0
2023-06-13,50593.0
2023-06-14,50482.0
2023-06-15,50525.0
2023-06-16,50541.0
2023-06-17,50541.0
2023-06-18,50541.0
2023-06-19,50770.0
2023-06-20,50786.0
2023-06-21,50820.0
2023-06-22,50820.0
2023-06-23,50820.0
2023-06-24,50820.0
2023-06-25,50820.0
2023-06-26,50820.0
2023-06-27,50820.0
2023-06-28,50820.0
2023-06-29,50820.0
2023-06-30,50820.0
2023-07-01,50820.0
2023-07-02,50820.0
2023-07-03,50150.0
2023-07-04,50264.0
2023-07-05,50244.0
2023-07-06,50230.0
2023-07-07,50244.0
2023-07-08,50244.0
2023-07-09,50244.0
2023-07-10,50278.0
2023-07-11,50314.0
2023-07-12,50344.0
2023-07-13,50392.0
2023-07-14,50472.0
2023-07-15,50472.0
2023-07-16,50472.0
2023-07-17,50492.0
2023-07-18,50558.0
2023-07-19,50558.0
2023-07-20,50898.0
2023-07-21,50986.0
2023-07-22,50986.0
2023-07-23,50986.0
2023-07-24,51056.0
2023-07-25,51276.0
2023-07-26,51296.0
2023-07-27,51782.0
2023-07-28,51802.0
2023-07-29,51802.0
2023-07-30,51802.0
2023-07-31,51914.0
2023-08-01,52494.0
2023-08-02,52774.0
2023-08-03,52682.0
2023-08-04,52458.0
2023-08-05,52458.0
2023-08-06,52458.0
2023-08-07,52484.0
2023-08-08,52572.0
2023-08-09,52570.0
2023-08-10,53692.0
2023-08-11,53774.0
2023-08-12,53774.0
2023-08-13,53774.0
2023-08-14,53712.0
2023-08-15,53712.0
2023-08-16,54102.0
2023-08-17,54114.0
2023-08-18,54012.0
2023-08-19,54012.0
2023-08-20,54012.0
2023-08-21,54034.0
2023-08-22,54104.0
2023-08-23,54252.0
2023-08-24,54252.0
2023-08-25,54174.0
2023-08-26,54174.0
2023-08-27,54174.0
2023-08-28,54230.0
2023-08-29,54374.0
2023-08-30,54370.0
2023-08-31,54318.0
2023-09-01,54366.0
2023-09-02,54366.0
2023-09-03,54366.0
2023-09-04,54658.0
2023-09-05,54754.0
2023-09-06,54778.0
2023-09-07,54730.0
2023-09-08,54656.0
2023-09-09,54656.0
2023-09-10,54656.0
2023-09-11,54726.0
2023-09-12,54760.0
2023-09-13,54974.0
2023-09-14,55326.0
2023-09-15,55416.0
2023-09-16,55416.0
2023-09-17,55416.0
2023-09-18,55516.0
2023-09-19,54920.0
2023-09-20,54936.0
2023-09-21,55102.0
2023-09-22,55590.0
2023-09-23,55646.0
2023-09-24,55646.0
2023-09-25,55782.0
2023-09-26,55832.0
2023-09-27,55874.0
2023-09-28,55874.0
2023-09-29,55874.0
2023-09-30,55874.0
2023-10-01,55874.0
2023-10-02,55874.0
2023-10-03,55874.0
2023-10-04,56258.0
2023-10-05,58593.0
2023-10-06,58838.0
2023-10-07,58838.0
2023-10-08,58838.0
2023-10-09,58838.0
2023-10-10,59036.0
2023-10-11,59537.0
2023-10-12,60069.0
2023-10-13,60544.0
2023-10-14,60544.0
2023-10-15,60544.0
2023-10-16,61194.0
2023-10-17,61505.0
2023-10-18,62022.0
2023-10-19,60338.0
2023-10-20,60260.0
2023-10-21,60260.0
2023-10-22,60260.0
2023-10-23,59850.0
2023-10-24,58445.0
2023-10-25,57464.0
2023-10-26,57356.0
2023-10-27,57200.0
2023-10-28,57200.0
2023-10-29,57200.0
2023-10-30,57130.0
2023-10-31,57269.0
2023-11-01,57309.0
2023-11-02,56844.0
2023-11-03,56894.0
2023-11-04,56894.0
2023-11-05,56894.0
2023-11-06,56872.0
2023-11-07,57394.0
2023-11-08,57288.0
2023-11-09,57664.0
2023-11-10,57898.0
2023-11-11,57898.0
2023-11-12,57898.0
2023-11-13,57518.0
2023-11-14,57356.0
2023-11-15,57296.0
2023-11-16,56410.0
2023-11-17,56261.0
2023-11-18,56261.0
2023-11-19,56261.0
2023-11-20,56179.0
2023-11-21,56363.0
2023-11-22,56479.0
2023-11-23,56399.0
2023-11-24,56353.0
2023-11-25,56353.0
2023-11-26,56353.0
2023-11-27,56323.0
2023-11-28,56347.0
2023-11-29,56347.0
2023-11-30,56303.0
2023-12-01,56303.0
2023-12-02,56303.0
2023-12-03,56303.0
2023-12-04,56925.0
2023-12-05,56865.0
2023-12-06,57040.0
2023-12-07,58132.0
2023-12-08,58106.0
2023-12-09,58106.0
2023-12-10,58106.0
2023-12-11,58062.0
2023-12-12,58126.0
2023-12-13,58406.0
2023-12-14,58066.0
2023-12-15,58038.0
2023-12-16,58038.0
2023-12-17,58038.0
2023-12-18,57870.0
2023-12-19,57910.0
2023-12-20,57970.0
2023-12-21,58110.0
2023-12-22,57704.0
2023-12-23,57704.0
2023-12-24,57704.0
2023-12-25,57704.0
2023-12-26,57532.0
2023-12-27,57524.0
2023-12-28,57484.0
2023-12-29,57484.0
2023-12-30,57484.0
2023-12-31,57484.0
2024-01-01,57484.0
2024-01-02,57444.0
2024-01-03,57524.0
2024-01-04,56924.0
2024-01-05,56912.0
2024-01-06,56912.0
2024-01-07,56912.0
2024-01-08,56928.0
2024-01-09,56884.0
2024-01-10,56890.0
2024-01-11,56840.0
2024-01-12,56696.0
2024-01-13,56696.0
2024-01-14,56696.0
2024-01-15,56838.0
2024-01-16,56900.0
2024-01-17,56920.0
2024-01-18,56934.0
2024-01-19,56782.0
2024-01-20,56782.0
2024-01-21,56782.0
2024-01-22,56794.0
2024-01-23,56940.0
2024-01-24,56940.0
2024-01-25,56622.0
2024-01-26,56474.0
2024-01-27,56474.0
2024-01-28,56474.0
2024-01-29,56422.0
2024-01-30,56442.0
2024-01-31,56322.0
2024-02-01,56262.0
2024-02-02,56256.0
2024-02-03,56256.0
2024-02-04,56256.0
2024-02-05,56256.0
2024-02-06,56250.0
2024-02-07,56120.0
2024-02-08,56336.0
2024-02-09,56336.0
2024-02-10,56336.0
2024-02-11,56336.0
2024-02-12,56336.0
2024-02-13,56400.0
2024-02-14,56452.0
2024-02-15,56452.0
2024-02-16,55450.0
2024-02-17,55450.0
2024-02-18,55450.0
2024-02-19,55342.0
2024-02-20,55342.0
2024-02-21,55442.0
2024-02-22,55416.0
2024-02-23,55504.0
2024-02-24,55504.0
2024-02-25,55504.0
2024-02-26,55516.0
2024-02-27,55556.0
2024-02-28,55516.0
2024-02-29,55512.0
2024-03-01,55512.0
2024-03-02,55512.0
2024-03-03,55512.0
2024-03-04,54316.0
2024-03-05,54296.0
2024-03-06,54316.0
2024-03-07,54776.0
2024-03-08,54750.0
2024-03-09,54750.0
2024-03-10,54750.0
2024-03-11,54742.0
2024-03-12,54742.0
2024-03-13,54702.0
2024-03-14,54231.0
2024-03-15,53906.0
2024-03-16,53906.0
2024-03-17,53906.0
2024-03-18,53892.0
2024-03-19,54112.0
2024-03-20,53512.0
2024-03-21,51532.0
2024-03-22,51424.0
2024-03-23,51424.0
2024-03-24,51424.0
2024-03-25,50240.0
2024-03-26,49766.0
2024-03-27,49706.0
2024-03-28,49426.0
2024-03-29,49558.0
2024-03-30,49558.0
2024-03-31,49558.0
2024-04-01,48946.0
2024-04-02,48834.0
2024-04-03,48934.0
2024-04-04,50016.0
2024-04-05,50208.0
2024-04-06,50208.0
2024-04-07,50208.0
2024-04-08,50414.0
2024-04-09,50414.0
2024-04-10,50414.0
2024-04-11,50156.0
2024-04-12,50116.0
2024-04-13,50116.0
2024-04-14,50116.0
2024-04-15,50318.0
2024-04-16,50318.0
2024-04-17,50296.0
2024-04-18,50216.0
2024-04-19,50224.0
2024-04-20,50224.0
2024-04-21,50224.0
2024-04-22,51508.0
2024-04-23,52548.0
2024-04-24,52616.0
2024-04-25,52696.0
2024-04-26,52756.0
2024-04-27,52756.0
2024-04-28,52756.0
2024-04-29,52762.0
2024-04-30,52762.0
2024-05-01,52762.0
2024-05-02,53082.0
2024-05-03,53686.0
2024-05-04,53686.0
2024-05-05,53686.0
2024-05-06,53686.0
2024-05-07,53786.0
2024-05-08,54094.0
2024-05-09,54094.0
2024-05-10,54102.0
2024-05-11,54102.0
2024-05-12,54102.0
2024-05-13,53762.0
2024-05-14,53837.0
2024-05-15,53837.0
2024-05-16,53914.0
2024-05-17,53720.0
2024-05-18,53720.0
2024-05-19,53720.0
2024-05-20,53740.0
2024-05-21,53760.0
2024-05-22,53760.0
2024-05-23,54251.0
2024-05-24,54240.0
2024-05-25,54240.0
2024-05-26,54240.0
2024-05-27,54240.0
2024-05-28,54180.0
2024-05-29,54220.0
2024-05-30,54220.0
2024-05-31,54216.0
2024-06-01,54216.0
2024-06-02,54216.0
2024-06-03,54200.0
2024-06-04,54200.0
2024-06-05,53942.0
2024-06-06,53942.0
2024-06-07,53926.0
2024-06-08,53926.0
2024-06-09,53926.0
2024-06-10,53967.0
2024-06-11,53866.0
2024-06-12,53866.0
2024-06-13,53826.0
2024-06-14,53554.0
2024-06-15,53554.0
2024-06-16,53554.0
2024-06-17,53614.0
2024-06-18,53654.0
2024-06-19,53654.0
2024-06-20,53572.0
2024-06-21,53574.0
2024-06-22,53574.0
2024-06-23,53574.0
2024-06-24,53596.0
2024-06-25,53626.0
2024-06-26,53868.0
2024-06-27,53448.0
2024-06-28,53548.0
2024-06-29,53548.0
2024-06-30,53548.0
2024-07-01,53548.0
2024-07-02,53608.0
2024-07-03,53608.0
2024-07-04,53608.0
2024-07-05,53540.0
2024-07-06,53540.0
2024-07-07,53540.0
2024-07-08,53540.0
2024-07-09,53598.0
2024-07-10,53526.0
2024-07-11,53044.0
2024-07-12,52962.0
2024-07-13,52962.0
2024-07-14,52962.0
2024-07-15,53026.0
2024-07-16,53006.0
2024-07-17,53086.0
2024-07-18,53146.0
2024-07-19,53132.0
2024-07-20,53132.0
2024-07-21,53132.0
2024-07-22,53118.0
2024-07-23,53118.0
2024-07-24,53118.0
2024-07-25,53038.0
2024-07-26,52100.0
2024-07-27,52100.0
2024-07-28,52100.0
2024-07-29,52100.0
2024-07-30,52120.0
2024-07-31,52106.0
2024-08-01,51394.0
2024-08-02,51394.0
2024-08-03,51394.0
2024-08-04,51394.0
2024-08-05,51696.0
2024-08-06,51382.0
2024-08-07,51324.0
2024-08-08,52024.0
2024-08-09,51570.0
2024-08-10,51570.0
2024-08-11,51570.0
2024-08-12,52072.0
2024-08-13,52052.0
2024-08-14,51942.0
2024-08-15,51942.0
2024-08-16,51880.0
2024-08-17,51880.0
2024-08-18,51880.0
2024-08-19,51880.0
2024-08-20,51876.0
2024-08-21,51916.0
2024-08-22,51816.0
2024-08-23,51816.0
2024-08-24,51816.0
2024-08-25,51816.0
2024-08-26,51816.0
2024-08-27,51816.0
2024-08-28,51962.0
2024-08-29,51862.0
2024-08-30,51814.0
2024-08-31,51814.0
2024-09-01,51814.0
2024-09-02,51454.0
2024-09-03,51534.0
2024-09-04,51500.0
2024-09-05,51492.0
2024-09-06,51380.0
2024-09-07,51380.0
2024-09-08,51380.0
2024-09-09,51360.0
2024-09-10,51326.0
2024-09-11,51322.0
2024-09-12,51282.0
2024-09-13,51310.0
2024-09-14,51310.0
2024-09-15,51310.0
2024-09-16,51310.0
2024-09-17,51310.0
2024-09-18,51310.0
2024-09-19,50504.0
2024-09-20,51076.0
2024-09-21,51076.0
2024-09-22,51076.0
2024-09-23,51055.0
2024-09-24,51027.0
2024-09-25,50953.0
2024-09-26,50888.0
2024-09-27,50908.0
2024-09-28,50908.0
2024-09-29,50908.0
2024-09-30,50973.0
2024-10-01,50973.0
2024-10-02,51704.0
2024-10-03,51704.0
2024-10-04,52586.0
2024-10-05,52586.0
2024-10-06,52586.0
2024-10-07,53219.0
2024-10-08,53714.0
2024-10-09,53714.0
2024-10-10,53679.0
2024-10-11,53612.0
2024-10-12,53612.0
2024-10-13,53612.0
2024-10-14,53684.0
2024-10-15,53485.0
2024-10-16,53592.0
2024-10-17,52583.0
2024-10-18,52455.0
2024-10-19,52455.0
2024-10-20,52455.0
2024-10-21,52330.0
2024-10-22,52268.0
2024-10-23,52398.0
2024-10-24,52308.0
2024-10-25,52323.0
2024-10-26,52323.0
2024-10-27,52323.0
2024-10-28,52476.0
2024-10-29,52404.0
2024-10-30,52755.0
2024-10-31,54212.0
2024-11-01,54147.0
2024-11-02,54147.0
2024-11-03,54147.0
2024-11-04,54329.0
2024-11-05,54459.0
2024-11-06,54510.0
2024-11-07,54265.0
2024-11-08,54273.0
2024-11-09,54273.0
2024-11-10,54273.0
2024-11-11,54614.0
2024-11-12,54594.0
2024-11-13,54594.0
2024-11-14,54522.0
2024-11-15,54522.0
2024-11-16,54522.0
2024-11-17,54522.0
2024-11-18,54482.0
2024-11-19,54573.0
2024-11-20,54765.0
2024-11-21,54608.0
2024-11-22,54490.0
2024-11-23,54490.0
2024-11-24,54490.0
2024-11-25,54584.0
2024-11-26,54694.0
2024-11-27,54654.0
2024-11-28,54784.0
2024-11-29,54550.0
2024-11-30,54550.0
2024-12-01,54550.0
2024-12-02,54760.0
2024-12-03,54656.0
2024-12-04,54448.0
2024-12-05,54508.0
2024-12-06,54508.0
2024-12-07,54508.0
2024-12-08,54508.0
2024-12-09,54606.0
2024-12-10,54500.0
2024-12-11,54754.0
2024-12-12,54554.0
2024-12-13,54738.0
2024-12-14,54738.0
2024-12-15,54738.0
2024-12-16,54724.0
2024-12-17,54770.0
2024-12-18,54750.0
2024-12-19,54590.0
2024-12-20,54582.0
2024-12-21,54582.0
2024-12-22,54582.0
2024-12-23,54522.0
2024-12-24,54564.0
2024-12-25,54564.0
2024-12-26,53364.0
2024-12-27,53394.0
2024-12-28,53394.0
2024-12-29,53394.0
2024-12-30,53346.0
2024-12-31,53434.0
2025-01-01,53434.0
2025-01-02,53196.0
2025-01-03,53196.0
2025-01-04,53196.0
2025-01-05,53196.0
2025-01-06,53324.0
2025-01-07,53320.0
2025-01-08,53300.0
2025-01-09,53246.0
2025-01-10,53246.0
2025-01-11,53246.0
2025-01-12,53246.0
2025-01-13,53298.0
2025-01-14,53316.0
2025-01-15,53426.0
2025-01-16,53346.0
2025-01-17,53248.0
2025-01-18,53248.0
2025-01-19,53248.0
2025-01-20,53208.0
2025-01-21,53236.0
2025-01-22,53216.0
2025-01-23,53156.0
2025-01-24,53116.0
2025-01-25,53116.0
2025-01-26,53116.0
2025-01-27,53116.0
2025-01-28,53116.0
2025-01-29,53116.0
2025-01-30,53116.0
2025-01-31,53176.0
2025-02-01,53176.0
2025-02-02,53176.0
2025-02-03,53164.0
2025-02-04,53250.0
2025-02-05,53234.0
2025-02-06,54494.0
2025-02-07,54454.0
2025-02-08,54454.0
2025-02-09,54454.0
2025-02-10,54542.0
2025-02-11,54668.0
2025-02-12,54652.0
2025-02-13,54610.0
2025-02-14,54744.0
2025-02-15,54744.0
2025-02-16,54744.0
2025-02-17,54794.0
2025-02-18,54794.0
2025-02-19,54794.0
2025-02-20,54798.0
2025-02-21,54116.0
2025-02-22,54116.0
2025-02-23,54116.0
2025-02-24,54780.0
2025-02-25,54794.0
2025-02-26,54974.0
2025-02-27,54762.0
2025-02-28,54346.0
2025-03-01,54346.0
2025-03-02,54346.0
2025-03-03,54346.0
2025-03-04,54182.0
2025-03-05,54368.0
2025-03-06,55308.0
2025-03-07,55318.0
2025-03-08,55318.0
2025-03-09,55318.0
2025-03-10,55294.0
2025-03-11,55296.0
2025-03-12,55364.0
2025-03-13,55224.0
2025-03-14,55404.0
2025-03-15,55404.0
2025-03-16,55404.0
2025-03-17,55204.0
2025-03-18,55422.0
2025-03-19,55556.0
2025-03-20,55636.0
2025-03-21,55636.0
2025-03-22,55636.0
2025-03-23,55636.0
2025-03-24,55622.0
2025-03-25,55630.0
2025-03-26,55630.0
2025-03-27,55530.0
2025-03-28,55530.0
2025-03-29,55530.0
2025-03-30,55530.0
2025-03-31,53590.0
2025-04-01,53698.0
2025-04-02,53758.0
2025-04-03,53755.0
2025-04-04,53806.0
2025-04-05,53806.0
2025-04-06,53806.0
2025-04-07,53863.0
2025-04-08,53884.0
2025-04-09,53863.0
2025-04-10,55618.0
2025-04-11,55598.0
2025-04-12,55598.0
2025-04-13,55598.0
2025-04-14,55588.0
2025-04-15,55596.0
2025-04-16,55718.0
2025-04-17,55604.0
2025-04-18,55604.0
2025-04-19,55604.0
2025-04-20,55604.0
2025-04-21,55739.0
2025-04-22,55759.0
2025-04-23,55759.0
2025-04-24,54910.0
2025-04-25,54461.0
2025-04-26,54461.0
2025-04-27,54461.0
2025-04-28,54461.0
2025-04-29,54482.0
2025-04-30,54747.0
2025-05-01,54747.0
2025-05-02,55896.0
2025-05-03,55896.0
2025-05-04,55896.0
2025-05-05,55896.0
2025-05-06,55896.0
2025-05-07,56039.0
2025-05-08,56135.0
2025-05-09,56180.0
2025-05-10,56180.0
2025-05-11,56180.0
2025-05-12,55873.0
2025-05-13,55771.0
2025-05-14,55567.0
2025-05-15,56067.0
2025-05-16,55982.0
2025-05-17,55982.0
2025-05-18,55982.0
2025-05-19,56043.0
2025-05-20,56073.0
2025-05-21,56147.0
2025-05-22,56963.0
2025-05-23,56963.0
2025-05-24,56963.0
2025-05-25,56963.0
2025-05-26,56963.0
2025-05-27,56984.0
2025-05-28,57012.0
2025-05-29,57076.0
2025-05-30,57076.0
2025-05-31,57076.0
2025-06-01,57076.0
2025-06-02,57110.0
2025-06-03,57110.0
2025-06-04,57153.0
2025-06-05,57249.0
2025-06-06,57249.0
2025-06-07,57249.0
2025-06-08,57249.0
2025-06-09,57259.0
2025-06-10,57278.0
2025-06-11,57492.0
2025-06-12,57584.0
2025-06-13,58137.0
2025-06-14,58137.0
2025-06-15,58137.0
2025-06-16,58178.0
2025-06-17,58386.0
2025-06-18,58437.0
2025-06-19,58478.0
2025-06-20,58506.0
2025-06-21,58506.0
2025-06-22,58506.0
2025-06-23,58767.0
2025-06-24,58837.0
2025-06-25,58914.0
2025-06-26,58998.0
2025-06-27,59039.0
2025-06-28,59039.0
2025-06-29,59039.0
2025-06-30,59059.0
2025-07-01,59088.0
2025-07-02,59088.0
2025-07-03,59098.0
2025-07-04,59159.0
2025-07-05,59159.0
2025-07-06,59159.0
2025-07-07,59276.0
2025-07-08,59559.0
2025-07-09,59792.0
2025-07-10,59778.0
2025-07-11,59763.0
2025-07-12,59763.0
2025-07-13,59763.0
2025-07-14,59759.0
2025-07-15,59882.0
2025-07-16,59794.0
2025-07-17,58216.0
2025-07-18,58441.0
2025-07-19,58441.0
2025-07-20,58441.0
2025-07-21,59641.0
2025-07-22,59722.0
2025-07-23,60151.0
2025-07-24,60112.0
2025-07-25,60363.0
2025-07-26,60363.0
2025-07-27,60363.0
2025-07-28,60384.0
2025-07-29,60390.0
2025-07-30,60406.0
2025-07-31,60573.0
2025-08-01,58902.0
2025-08-02,58902.0
2025-08-03,58902.0
2025-08-04,58636.0
2025-08-05,58716.0
2025-08-06,58558.0
2025-08-07,58378.0
2025-08-08,58454.0
2025-08-09,58454.0
2025-08-10,58454.0
2025-08-11,58554.0
2025-08-12,58778.0
2025-08-13,58886.0
2025-08-14,58850.0
2025-08-15,58850.0
2025-08-16,58850.0
2025-08-17,58850.0
2025-08-18,58970.0
2025-08-19,59050.0
2025-08-20,59184.0
2025-08-21,59064.0
2025-08-22,59502.0
2025-08-23,59502.0
2025-08-24,59502.0
2025-08-25,59578.0
2025-08-26,59818.0
2025-08-27,59976.0
2025-08-28,59976.0
2025-08-29,59962.0
2025-08-30,59962.0
2025-08-31,59962.0
2025-09-01,60256.0
2025-09-02,60294.0
2025-09-03,60316.0
2025-09-04,60454.0
2025-09-05,60538.0
2025-09-06,60538.0
2025-09-07,60538.0
2025-09-08,60927.0
2025-09-09,60806.0
2025-09-10,61235.0
2025-09-11,61093.0
2025-09-12,61335.0
2025-09-13,61335.0
2025-09-14,61335.0
2025-09-15,61398.0
2025-09-16,62906.0
2025-09-17,63279.0
2025-09-18,63631.0
2025-09-19,63688.0
2025-09-20,63688.0
2025-09-21,63688.0
2025-09-22,63991.0
2025-09-23,64817.0
2025-09-24,65028.0
2025-09-25,65590.0
2025-09-26,66061.0
2025-09-27,66061.0
2025-09-28,66061.0
2025-09-29,67176.0
2025-09-30,67652.0
2025-10-01,67327.0
2025-10-02,68435.0
2025-10-03,68435.0
2025-10-04,68435.0
2025-10-05,68435.0
2025-10-06,68435.0
2025-10-07,68435.0
2025-10-08,68435.0
2025-10-09,68435.0
2025-10-10,67351.0
2025-10-11,67351.0
2025-10-12,67351.0
2025-10-13,66972.0
2025-10-14,66859.0
2025-10-15,66543.0
2025-10-16,66075.0
2025-10-17,66075.0
2025-10-18,66075.0
2025-10-19,66075.0
2025-10-20,66288.0
2025-10-21,65936.0
2025-10-22,65756.0
2025-10-23,65398.0
2025-10-24,65380.0
2025-10-25,65380.0
2025-10-26,65380.0
2025-10-27,65288.0
2025-10-28,65286.0
2025-10-29,65074.0
2025-10-30,65118.0
2025-10-31,65118.0
2025-11-01,65118.0
2025-11-02,65118.0
2025-11-03,64872.0
2025-11-04,64886.0
2025-11-05,65094.0
2025-11-06,64988.0
2025-11-07,64914.0
2025-11-08,64914.0
2025-11-09,64914.0
2025-11-10,64804.0
2025-11-11,64794.0
2025-11-12,64814.0
2025-11-13,64516.0
2025-11-14,64253.0
2025-11-15,64253.0
2025-11-16,64253.0
2025-11-17,63606.0
2025-11-18,63592.0
2025-11-19,63610.0
2025-11-20,62552.0
2025-11-21,62402.0
2025-11-22,62402.0
2025-11-23,62402.0
2025-11-24,62530.0
2025-11-25,62450.0
2025-11-26,62440.0
2025-11-27,62396.0
2025-11-28,62427.0
2025-11-29,62427.0
2025-11-30,62427.0
2025-12-01,62451.0
2025-12-02,62261.0
2025-12-03,62057.0
2025-12-04,62118.0
2025-12-05,62118.0
2025-12-06,62118.0
2025-12-07,62118.0
2025-12-08,62118.0
2025-12-09,62124.0
2025-12-10,62294.0
2025-12-11,62835.0
2025-12-12,62820.0
2025-12-13,62820.0
2025-12-14,62820.0
2025-12-15,62392.0
2025-12-16,62400.0
2025-12-17,62196.0
2025-12-18,62418.0
2025-12-19,62398.0
2025-12-20,62398.0
2025-12-21,62398.0
2025-12-22,62569.0
2025-12-23,62569.0
2025-12-24,62529.0
2025-12-25,62529.0
2025-12-26,62461.0
2025-12-27,62461.0
2025-12-28,62461.0
2025-12-29,62467.0
2025-12-30,62467.0
2025-12-31,62120.0
2026-01-01,62120.0
2026-01-02,62551.0
2026-01-03,62551.0
2026-01-04,62551.0
2026-01-05,62427.0
2026-01-06,62447.0
2026-01-07,62849.0
2026-01-08,63033.0
2026-01-09,63014.0
2026-01-10,63014.0
2026-01-11,63014.0
2026-01-12,62884.0
2026-01-13,62849.0
2026-01-14,63049.0
2026-01-15,62996.0
2026-01-16,63016.0
2026-01-17,63016.0
2026-01-18,63016.0
2026-01-19,62755.0
2026-01-20,62753.0
2026-01-21,62835.0
2026-01-22,62712.0
2026-01-23,62673.0
2026-01-24,62673.0
2026-01-25,62673.0
2026-01-26,62657.0
2026-01-27,62647.0
2026-01-28,62937.0
2026-01-29,65339.0
2026-01-30,65302.0
2026-01-31,65302.0
2026-02-01,65302.0
2026-02-02,63294.0
2026-02-03,63106.0
2026-02-04,63008.0
2026-02-05,62894.0
2026-02-06,62456.0
2026-02-07,62456.0
2026-02-08,62456.0
2026-02-09,62727.0
2026-02-10,62690.0
2026-02-11,62617.0
2026-02-12,62537.0
2026-02-13,62537.0
2026-02-14,62537.0
2026-02-15,62537.0
2026-02-16,62537.0
2026-02-17,62537.0
2026-02-18,62537.0
2026-02-19,63386.0
2026-02-20,63255.0
2026-02-21,63255.0
2026-02-22,63255.0
2026-02-23,62951.0
2026-02-24,62939.0
2026-02-25,63021.0
2026-02-26,63090.0
2026-02-27,63190.0
2026-02-28,63190.0
2026-03-01,63190.0
2026-03-02,63190.0
2026-03-03,63026.0
2026-03-04,63004.0
2026-03-05,62747.0
2026-03-06,62695.0
2026-03-07,62695.0
2026-03-08,62695.0
2026-03-09,62749.0
2026-03-10,62889.0
2026-03-11,63053.0
2026-03-12,62881.0
2026-03-13,62860.0
2026-03-14,62860.0
2026-03-15,62860.0
2026-03-16,62829.0
2026-03-17,62931.0
2026-03-18,62951.0
2026-03-19,62700.0
2026-03-20,62605.0
2026-03-21,62605.0
2026-03-22,62605.0
2026-03-23,62669.0
2026-03-24,62669.0
2026-03-25,62669.0
2026-03-26,62676.0
2026-03-27,62728.0
2026-03-28,62728.0
2026-03-29,62728.0
2026-03-30,62751.0
2026-03-31,62751.0
2026-04-01,62751.0
2026-04-02,62669.0
2026-04-03,62645.0
2026-04-04,62645.0
2026-04-05,62645.0
2026-04-06,62669.0
2026-04-07,62669.0
2026-04-08,62717.0
2026-04-09,62550.0
2026-04-10,62526.0
2026-04-11,62526.0
2026-04-12,62526.0
2026-04-13,62526.0
2026-04-14,62524.0
2026-04-15,62507.0
2026-04-16,62448.0
2026-04-17,62400.0
2026-04-18,62400.0
2026-04-19,62400.0
2026-04-20,62383.0
2026-04-21,62455.0
2026-04-22,62455.0
2026-04-23,62407.0
2026-04-24,62393.0
2026-04-25,62393.0
2026-04-26,62393.0
2026-04-27,62417.0
2026-04-28,62417.0
2026-04-29,62417.0
2026-04-30,62417.0
2026-05-01,62417.0
2026-05-02,62417.0
2026-05-03,62417.0
2026-05-04,62417.0
2026-05-05,62417.0
2026-05-06,62417.0
2026-05-07,62417.0
2026-05-08,62417.0
2026-05-09,62417.0
2026-05-10,62417.0
2026-05-11,62417.0
2026-05-12,62417.0
2026-05-13,62417.0
2026-05-14,62417.0
2026-05-15,62417.0
2026-05-16,62417.0
2026-05-17,62417.0
2026-05-18,62417.0
2026-05-19,62417.0
2026-05-20,62417.0
2026-05-21,62417.0
2026-05-22,62417.0
2026-05-23,62417.0
2026-05-24,62417.0
2026-05-25,62417.0
2026-05-26,62417.0
2026-05-27,62417.0
2026-05-28,62417.0
2026-05-29,62417.0
2026-05-30,62417.0
2026-05-31,62417.0
2026-06-01,62417.0
2026-06-02,62417.0
2026-06-03,62417.0
2026-06-04,62417.0
2026-06-05,62417.0
2026-06-06,62417.0
2026-06-07,62417.0
2026-06-08,62417.0
2026-06-09,62417.0
2026-06-10,62417.0
2026-06-11,62417.0
2026-06-12,62417.0
2026-06-13,62417.0
2026-06-14,62417.0
2026-06-15,62417.0
2026-06-16,62417.0
2026-06-17,62417.0
2026-06-18,62417.0
2026-06-19,62417.0
2026-06-20,62417.0
2026-06-21,62417.0
2026-06-22,62417.0
2026-06-23,62417.0
2026-06-24,62417.0
2026-06-25,62417.0
2026-06-26,62417.0
2026-06-27,62417.0
2026-06-28,62417.0
2026-06-29,62417.0
2026-06-30,62417.0
2026-07-01,62417.0
2026-07-02,62417.0
2026-07-03,62417.0
2026-07-04,62417.0
2026-07-05,62417.0
2026-07-06,62417.0
2026-07-07,62417.0
2026-07-08,62417.0
2026-07-09,62417.0
2026-07-10,62417.0
2026-07-11,62417.0
2026-07-12,62417.0
2026-07-13,62417.0
2026-07-14,62417.0
2026-07-15,62417.0
2026-07-16,62417.0
2026-07-17,62417.0
2026-07-18,62417.0
2026-07-19,62417.0
2026-07-20,62417.0
2026-07-21,62417.0
2026-07-22,62417.0
2026-07-23,62417.0
2026-07-24,62417.0
2026-07-25,62417.0
2026-07-26,62417.0
2026-07-27,62417.0
2026-07-28,62417.0
2026-07-29,62417.0
2026-07-30,62417.0
2026-07-31,62417.0
2026-08-01,62417.0
2026-08-02,62417.0
2026-08-03,62417.0
2026-08-04,62417.0
2026-08-05,62417.0
2026-08-06,62417.0
2026-08-07,62417.0
2026-08-08,62417.0
2026-08-09,62417.0
2026-08-10,62417.0
2026-08-11,62417.0
2026-08-12,62417.0
2026-08-13,62417.0
2026-08-14,62417.0
2026-08-15,62417.0
2026-08-16,62417.0
2026-08-17,62417.0
2026-08-18,62417.0
2026-08-19,62417.0
2026-08-20,62417.0
2026-08-21,62417.0
2026-08-22,62417.0
2026-08-23,62417.0
2026-08-24,62417.0
2026-08-25,62417.0
2026-08-26,62417.0
2026-08-27,62417.0
2026-08-28,62417.0
2026-08-29,62417.0
2026-08-30,62417.0
2026-08-31,62417.0
2026-09-01,62417.0
2026-09-02,62417.0
2026-09-03,62417.0
2026-09-04,62417.0
2026-09-05,62417.0
2026-09-06,62417.0
2026-09-07,62417.0
2026-09-08,62417.0
2026-09-09,62417.0
2026-09-10,62417.0
2026-09-11,62417.0
2026-09-12,62417.0
2026-09-13,62417.0
2026-09-14,62417.0
2026-09-15,62417.0
2026-09-16,62417.0
2026-09-17,62417.0
2026-09-18,62417.0
2026-09-19,62417.0
2026-09-20,62417.0
2026-09-21,62417.0
2026-09-22,62417.0
2026-09-23,62417.0
2026-09-24,62417.0
2026-09-25,62417.0
2026-09-26,62417.0
2026-09-27,62417.0
2026-09-28,62417.0
2026-09-29,62417.0
2026-09-30,62417.0
2026-10-01,62417.0
2026-10-02,62417.0
2026-10-03,62417.0
2026-10-04,62417.0
2026-10-05,62417.0
2026-10-06,62417.0
2026-10-07,62417.0
2026-10-08,62417.0
2026-10-09,62417.0
2026-10-10,62417.0
2026-10-11,62417.0
2026-10-12,62417.0
2026-10-13,62417.0
2026-10-14,62417.0
2026-10-15,62417.0
2026-10-16,62417.0
2026-10-17,62417.0
2026-10-18,62417.0
2026-10-19,62417.0
2026-10-20,62417.0
2026-10-21,62417.0
2026-10-22,62417.0
2026-10-23,62417.0
2026-10-24,62417.0
2026-10-25,62417.0
2026-10-26,62417.0
2026-10-27,62417.0
2026-10-28,62417.0
2026-10-29,62417.0
2026-10-30,62417.0
2026-10-31,62417.0
2026-11-01,62417.0
2026-11-02,62417.0
2026-11-03,62417.0
2026-11-04,62417.0
2026-11-05,62417.0
2026-11-06,62417.0
2026-11-07,62417.0
2026-11-08,62417.0
2026-11-09,62417.0
2026-11-10,62417.0
2026-11-11,62417.0
2026-11-12,62417.0
2026-11-13,62417.0
2026-11-14,62417.0
2026-11-15,62417.0
2026-11-16,62417.0
2026-11-17,62417.0
2026-11-18,62417.0
2026-11-19,62417.0
2026-11-20,62417.0
2026-11-21,62417.0
2026-11-22,62417.0
2026-11-23,62417.0
2026-11-24,62417.0
2026-11-25,62417.0
2026-11-26,62417.0
2026-11-27,62417.0
2026-11-28,62417.0
2026-11-29,62417.0
2026-11-30,62417.0
2026-12-01,62417.0
2026-12-02,62417.0
2026-12-03,62417.0
2026-12-04,62417.0
2026-12-05,62417.0
2026-12-06,62417.0
2026-12-07,62417.0
2026-12-08,62417.0
2026-12-09,62417.0
2026-12-10,62417.0
2026-12-11,62417.0
2026-12-12,62417.0
2026-12-13,62417.0
2026-12-14,62417.0
2026-12-15,62417.0
2026-12-16,62417.0
2026-12-17,62417.0
2026-12-18,62417.0
2026-12-19,62417.0
2026-12-20,62417.0
2026-12-21,62417.0
2026-12-22,62417.0
2026-12-23,62417.0
2026-12-24,62417.0
2026-12-25,62417.0
2026-12-26,62417.0
2026-12-27,62417.0
2026-12-28,62417.0
2026-12-29,62417.0
2026-12-30,62417.0
2026-12-31,62417.0
